,invoice_id,glean_text,glean_type,invoice_date,glean_location,canonical_vendor_id
0,e27451bb-b2eb-45e1-9b96-83c2f5399bcf,First new bill in 5.0 months from vendor c753ab1a-cd7b-4968-9a25-0f0471b0c882,vendor_not_seen_in_a_while,2020-01-20,invoice,c753ab1a-cd7b-4968-9a25-0f0471b0c882
1,e0d0a045-5b38-4874-ab65-1bb521648dea,First new bill in 9.0 months from vendor 0d41b0c0-dd27-4c32-909d-a190744e747b,vendor_not_seen_in_a_while,2020-09-21,invoice,0d41b0c0-dd27-4c32-909d-a190744e747b
2,cc5cb581-1228-49c7-97a9-1af89a8423dc,First new bill in 8.0 months from vendor 9be41a38-e810-48f6-8149-d9b19dee73e8,vendor_not_seen_in_a_while,2020-02-12,invoice,9be41a38-e810-48f6-8149-d9b19dee73e8
3,0732547d-1e5c-4be3-8079-18e9a9fd02ef,First new bill in 3.0 months from vendor 3a64161d-30c9-41b8-85e7-910b891e6520,vendor_not_seen_in_a_while,2020-06-18,invoice,3a64161d-30c9-41b8-85e7-910b891e6520
4,a205f7ca-d7ae-4c52-a6ac-8eb9e32a588f,First new bill in 5.0 months from vendor 089685a6-ecec-44ab-bfdf-b2ccb5182382,vendor_not_seen_in_a_while,2020-08-01,invoice,089685a6-ecec-44ab-bfdf-b2ccb5182382
5,021b3e22-e57b-4c0e-a8dc-e3ed898c8a8d,First new bill in 3.0 months from vendor 8601c516-a301-4f29-8dad-8dc71a1881ee,vendor_not_seen_in_a_while,2020-10-31,invoice,8601c516-a301-4f29-8dad-8dc71a1881ee
6,a2821a2c-11b7-49d9-8be5-dd48db5aeb7f,First new bill in 4.0 months from vendor f84005d8-f811-40f6-95be-00d95f9d693c,vendor_not_seen_in_a_while,2020-11-16,invoice,f84005d8-f811-40f6-95be-00d95f9d693c
7,6d4738b5-0b1f-43aa-bcc3-3f8dbcb3b26f,First new bill in 7.0 months from vendor f07a65f7-cc13-4f24-8fd4-7f28ea394c36,vendor_not_seen_in_a_while,2020-07-31,invoice,f07a65f7-cc13-4f24-8fd4-7f28ea394c36
8,1af7182d-50e6-4791-ad45-fd8b7c640f4a,First new bill in 5.0 months from vendor 3868ba1e-df06-4cdf-8445-3ff788ef6085,vendor_not_seen_in_a_while,2020-01-31,invoice,3868ba1e-df06-4cdf-8445-3ff788ef6085
9,c78951d3-fdfb-4891-b20b-409c889d0924,First new bill in 6.0 months from vendor f63517f0-5734-4fec-a0b9-b31b5f5a1dfa,vendor_not_seen_in_a_while,2020-07-17,invoice,f63517f0-5734-4fec-a0b9-b31b5f5a1dfa
10,0289d7f6-7894-412c-85a5-693ebd04486a,First new bill in 8.0 months from vendor 153ec8ce-be54-4776-9e21-78e27dc6c507,vendor_not_seen_in_a_while,2019-09-30,invoice,153ec8ce-be54-4776-9e21-78e27dc6c507
11,361326af-f38f-46a0-a256-4eec16dc6e5f,First new bill in 4.0 months from vendor fd47eb0b-19d4-4041-a1fb-dd0b113dacbb,vendor_not_seen_in_a_while,2020-12-01,invoice,fd47eb0b-19d4-4041-a1fb-dd0b113dacbb
12,9f1bbf3a-17b3-4345-9d4a-e44744b0eeb8,First new bill in 12.0 months from vendor c9a40bb6-00b3-470c-9700-831c1c437bfb,vendor_not_seen_in_a_while,2019-12-31,invoice,c9a40bb6-00b3-470c-9700-831c1c437bfb
13,efcadc95-c854-43e6-bfd9-36c26fd0f3bf,First new bill in 3.0 months from vendor 014deb41-8f37-4f50-81b2-856e7fea015e,vendor_not_seen_in_a_while,2019-09-30,invoice,014deb41-8f37-4f50-81b2-856e7fea015e
14,d0a663cf-e6d1-4511-98f7-8f6506055e66,First new bill in 6.0 months from vendor 014deb41-8f37-4f50-81b2-856e7fea015e,vendor_not_seen_in_a_while,2020-06-24,invoice,014deb41-8f37-4f50-81b2-856e7fea015e
15,54d07a19-aaa8-4415-b6f7-28cf216d0414,First new bill in 3.0 months from vendor 39d309ff-4df2-4b8e-8a2e-d055dd668984,vendor_not_seen_in_a_while,2019-04-17,invoice,39d309ff-4df2-4b8e-8a2e-d055dd668984
16,75ed9501-001b-42b5-af28-07c163aacef6,First new bill in 4.0 months from vendor 39d309ff-4df2-4b8e-8a2e-d055dd668984,vendor_not_seen_in_a_while,2019-08-15,invoice,39d309ff-4df2-4b8e-8a2e-d055dd668984
17,b8368acf-61d6-4f2a-9d55-26333f4fd98b,First new bill in 9.0 months from vendor 39d309ff-4df2-4b8e-8a2e-d055dd668984,vendor_not_seen_in_a_while,2020-08-05,invoice,39d309ff-4df2-4b8e-8a2e-d055dd668984
18,7a07617b-a1c1-455f-b2f5-96bea90c9247,First new bill in 3.0 months from vendor 906a0cbb-b05a-4501-beff-40a1d3bd6399,vendor_not_seen_in_a_while,2020-12-01,invoice,906a0cbb-b05a-4501-beff-40a1d3bd6399
19,aa72f769-0c12-4c5e-bc86-d74be4fa8eeb,First new bill in 8.0 months from vendor 0fe5f1a4-849a-4e7c-bb11-00e5e9d6cec0,vendor_not_seen_in_a_while,2019-11-30,invoice,0fe5f1a4-849a-4e7c-bb11-00e5e9d6cec0
20,db45dfe4-13cf-4413-b243-d6e9921d00e9,First new bill in 8.0 months from vendor 0fe5f1a4-849a-4e7c-bb11-00e5e9d6cec0,vendor_not_seen_in_a_while,2020-07-21,invoice,0fe5f1a4-849a-4e7c-bb11-00e5e9d6cec0
21,3c5467ad-42d4-4878-8605-bfec26a3ba3e,First new bill in 3.0 months from vendor cf13f8f1-6ca1-4fd9-aa96-ab9446719e21,vendor_not_seen_in_a_while,2019-12-31,invoice,cf13f8f1-6ca1-4fd9-aa96-ab9446719e21
22,a8fbd009-dae7-4eda-9bbe-4e2f4c2660cb,First new bill in 9.0 months from vendor aa2f1ec0-b189-4009-a928-edfba356a3ea,vendor_not_seen_in_a_while,2019-11-04,invoice,aa2f1ec0-b189-4009-a928-edfba356a3ea
23,78ddc11c-3d54-416d-9e0c-2c7a18303cd1,First new bill in 10.0 months from vendor 5ffbef3b-340e-4cb2-b758-e7d0d16b70c8,vendor_not_seen_in_a_while,2020-03-01,invoice,5ffbef3b-340e-4cb2-b758-e7d0d16b70c8
24,829fe906-56e2-481e-9bb0-b27e75f16f15,First new bill in 11.0 months from vendor 6152f258-554d-4e4c-be58-1b47080b3e33,vendor_not_seen_in_a_while,2020-06-10,invoice,6152f258-554d-4e4c-be58-1b47080b3e33
25,0bf92123-9ecd-4926-bc31-6f77a32e72e2,First new bill in 3.0 months from vendor 8617bc6b-a5c1-4441-b148-bb3268a1b4e6,vendor_not_seen_in_a_while,2020-11-07,invoice,8617bc6b-a5c1-4441-b148-bb3268a1b4e6
26,d1a6beb8-12d4-456a-a0b4-0e7340ad504d,First new bill in 10.0 months from vendor 8f3ae183-3da9-4113-b432-e559dcba8f1c,vendor_not_seen_in_a_while,2020-02-24,invoice,8f3ae183-3da9-4113-b432-e559dcba8f1c
27,ac37194f-7d1f-4ed9-92cf-973dc0321d3f,First new bill in 3.0 months from vendor 8f3ae183-3da9-4113-b432-e559dcba8f1c,vendor_not_seen_in_a_while,2020-06-07,invoice,8f3ae183-3da9-4113-b432-e559dcba8f1c
28,08b56076-7807-4da7-9a74-d26da2b081ce,First new bill in 5.0 months from vendor a5883740-aea5-4716-8f07-7b4765cb2385,vendor_not_seen_in_a_while,2020-04-24,invoice,a5883740-aea5-4716-8f07-7b4765cb2385
29,1f00af61-b29d-4b9e-b765-90e4cb0d2c62,First new bill in 3.0 months from vendor 9fe35cea-622b-444f-8af1-a6f487fd4eb2,vendor_not_seen_in_a_while,2019-08-14,invoice,9fe35cea-622b-444f-8af1-a6f487fd4eb2
30,19daf667-fa94-4fbb-ad35-f3d64b009f71,First new bill in 10.0 months from vendor e2091bc3-f9d7-4647-a1db-1f648b438b74,vendor_not_seen_in_a_while,2020-11-14,invoice,e2091bc3-f9d7-4647-a1db-1f648b438b74
31,f4d98311-c614-425d-a9cc-917f904d8fd0,First new bill in 8.0 months from vendor 6d09ba63-c183-41bd-bfd9-ec187989e8cb,vendor_not_seen_in_a_while,2020-03-26,invoice,6d09ba63-c183-41bd-bfd9-ec187989e8cb
32,3d01fa12-9eef-4a0a-b2d0-31c0b3f76532,First new bill in 3.0 months from vendor 185a63c2-5614-4c7c-ad7a-985ba6bd8195,vendor_not_seen_in_a_while,2019-06-30,invoice,185a63c2-5614-4c7c-ad7a-985ba6bd8195
33,e416a5b4-1f41-4ba7-ad2e-7066214d3d0e,First new bill in 3.0 months from vendor a9a72190-f998-451d-bf0a-d37bdc4cf91d,vendor_not_seen_in_a_while,2020-05-20,invoice,a9a72190-f998-451d-bf0a-d37bdc4cf91d
34,54f5ec25-6b03-4740-ac85-2b212fed349a,First new bill in 3.0 months from vendor a9a72190-f998-451d-bf0a-d37bdc4cf91d,vendor_not_seen_in_a_while,2020-11-17,invoice,a9a72190-f998-451d-bf0a-d37bdc4cf91d
35,cf8209c4-42a1-44cb-8a45-dfb15c978943,First new bill in 8.0 months from vendor 35c065e2-87fa-4c57-b0b8-c7843433b791,vendor_not_seen_in_a_while,2020-01-25,invoice,35c065e2-87fa-4c57-b0b8-c7843433b791
36,19f5d896-2fec-407f-bef5-0ffdf8ceb485,First new bill in 4.0 months from vendor 35c065e2-87fa-4c57-b0b8-c7843433b791,vendor_not_seen_in_a_while,2020-06-26,invoice,35c065e2-87fa-4c57-b0b8-c7843433b791
37,c517aa0a-9f83-4623-aa31-580145e12fec,First new bill in 12.0 months from vendor 3629f0a6-158e-4027-92c7-26806c316bc2,vendor_not_seen_in_a_while,2019-05-01,invoice,3629f0a6-158e-4027-92c7-26806c316bc2
38,4b26c1c0-8487-4215-9375-3999292cb51c,First new bill in 4.0 months from vendor 3629f0a6-158e-4027-92c7-26806c316bc2,vendor_not_seen_in_a_while,2019-08-31,invoice,3629f0a6-158e-4027-92c7-26806c316bc2
39,45845f82-06fe-4eb5-b18f-2709339b5b2e,First new bill in 8.0 months from vendor 3629f0a6-158e-4027-92c7-26806c316bc2,vendor_not_seen_in_a_while,2020-05-15,invoice,3629f0a6-158e-4027-92c7-26806c316bc2
40,a402e241-1b10-478c-9d0d-ed5fb5d283d5,First new bill in 3.0 months from vendor 10eaea15-03c3-4d52-9120-9fa817ae4fd3,vendor_not_seen_in_a_while,2020-08-17,invoice,10eaea15-03c3-4d52-9120-9fa817ae4fd3
41,d4688382-16e5-4e01-a1cc-cde4323ba535,First new bill in 5.0 months from vendor a6faacb8-8bc2-4f68-9649-2e1977dbf067,vendor_not_seen_in_a_while,2020-12-04,invoice,a6faacb8-8bc2-4f68-9649-2e1977dbf067
42,8117ee79-1404-4622-b1be-1a1e88a595ff,First new bill in 3.0 months from vendor 44ae301b-5ff0-4152-9481-9111527db8be,vendor_not_seen_in_a_while,2020-07-01,invoice,44ae301b-5ff0-4152-9481-9111527db8be
43,fd3222d0-3dd9-488f-96b0-ae9baae3a32d,First new bill in 3.0 months from vendor aaf161af-1b36-4c8a-a622-6ba062853874,vendor_not_seen_in_a_while,2020-04-30,invoice,aaf161af-1b36-4c8a-a622-6ba062853874
44,64a94d7a-b3a2-4944-b0da-7d477a337f40,First new bill in 3.0 months from vendor 10f69fbc-678c-4af1-8894-4f176c2b276c,vendor_not_seen_in_a_while,2019-08-19,invoice,10f69fbc-678c-4af1-8894-4f176c2b276c
45,75eb2429-b5b7-4383-9b61-5881193e0001,First new bill in 6.0 months from vendor 10f69fbc-678c-4af1-8894-4f176c2b276c,vendor_not_seen_in_a_while,2020-02-18,invoice,10f69fbc-678c-4af1-8894-4f176c2b276c
46,59f9fa6d-1441-44e1-a4a3-99c135f54f1b,First new bill in 3.0 months from vendor 10f69fbc-678c-4af1-8894-4f176c2b276c,vendor_not_seen_in_a_while,2020-08-17,invoice,10f69fbc-678c-4af1-8894-4f176c2b276c
47,5c54850a-a897-4e63-b73c-6f9f36b8f506,First new bill in 3.0 months from vendor 10f69fbc-678c-4af1-8894-4f176c2b276c,vendor_not_seen_in_a_while,2020-11-16,invoice,10f69fbc-678c-4af1-8894-4f176c2b276c
48,98a27316-1ed0-4840-af36-608adf011f07,First new bill in 13.0 months from vendor 37a1712d-f876-4282-9221-57b13e19dc9c,vendor_not_seen_in_a_while,2020-09-15,invoice,37a1712d-f876-4282-9221-57b13e19dc9c
49,cb557303-4f35-419d-a0e8-918a1e156fb8,First new bill in 3.0 months from vendor 7409fa50-fde9-4939-8efe-dc73cbd1e9c7,vendor_not_seen_in_a_while,2020-03-03,invoice,7409fa50-fde9-4939-8efe-dc73cbd1e9c7
50,39406d07-caef-4139-ab5d-92cd4fcbb66d,First new bill in 8.0 months from vendor 3d2e310c-a166-42e6-a6d8-fe28f38acbd7,vendor_not_seen_in_a_while,2019-07-18,invoice,3d2e310c-a166-42e6-a6d8-fe28f38acbd7
51,67078ec4-bfb2-4e94-bfd8-eab88d37ced3,First new bill in 16.0 months from vendor 3d2e310c-a166-42e6-a6d8-fe28f38acbd7,vendor_not_seen_in_a_while,2020-10-30,invoice,3d2e310c-a166-42e6-a6d8-fe28f38acbd7
52,2c1f3e3c-af1a-471d-8df6-363b138aa119,First new bill in 8.0 months from vendor 5bf5e44e-fd30-44b7-8da3-19b228a47fef,vendor_not_seen_in_a_while,2020-03-20,invoice,5bf5e44e-fd30-44b7-8da3-19b228a47fef
53,09032da5-8c7b-4e1f-b721-ca680711eb15,First new bill in 10.0 months from vendor 257bfd04-398c-4762-9c14-e0cdf8f26dfd,vendor_not_seen_in_a_while,2020-05-06,invoice,257bfd04-398c-4762-9c14-e0cdf8f26dfd
54,9128256b-fa75-4f25-8b74-1a18a8c46282,First new bill in 7.0 months from vendor da721a36-1290-4312-9d76-557c19c5736e,vendor_not_seen_in_a_while,2020-07-22,invoice,da721a36-1290-4312-9d76-557c19c5736e
55,6b694a05-c771-44b6-bc06-d095053dbef8,First new bill in 6.0 months from vendor 27184514-17c5-466d-9f68-e02253695bfa,vendor_not_seen_in_a_while,2019-08-01,invoice,27184514-17c5-466d-9f68-e02253695bfa
56,b7aafc70-0e51-4e33-bf2f-a00da5b387db,First new bill in 4.0 months from vendor 27184514-17c5-466d-9f68-e02253695bfa,vendor_not_seen_in_a_while,2019-12-01,invoice,27184514-17c5-466d-9f68-e02253695bfa
57,da462169-1a02-431b-af9c-aa4696aa12a2,First new bill in 7.0 months from vendor 27184514-17c5-466d-9f68-e02253695bfa,vendor_not_seen_in_a_while,2020-08-01,invoice,27184514-17c5-466d-9f68-e02253695bfa
58,765a2e3f-c64c-4546-bb16-ea612cdb68a2,First new bill in 3.0 months from vendor 27184514-17c5-466d-9f68-e02253695bfa,vendor_not_seen_in_a_while,2020-11-01,invoice,27184514-17c5-466d-9f68-e02253695bfa
59,f8faebd3-ec46-4ff9-901d-a8138ae7c697,First new bill in 5.0 months from vendor f565cf0f-7421-4987-91a2-d3c43210facc,vendor_not_seen_in_a_while,2020-08-10,invoice,f565cf0f-7421-4987-91a2-d3c43210facc
60,dcf8f9de-d2db-4b04-aa64-1d26172ce426,First new bill in 4.0 months from vendor 86ccadec-b5e3-4a76-89ca-062dd98bbf88,vendor_not_seen_in_a_while,2020-11-30,invoice,86ccadec-b5e3-4a76-89ca-062dd98bbf88
61,b6cf528c-a436-4735-b5ac-b687ed107f2c,First new bill in 17.0 months from vendor b46d7ca6-ca5f-44ce-afc8-d492f69c7e32,vendor_not_seen_in_a_while,2020-12-08,invoice,b46d7ca6-ca5f-44ce-afc8-d492f69c7e32
62,314123f7-9f43-4b42-904c-4d41d53b0416,First new bill in 3.0 months from vendor 21fb3f80-6e2a-4558-8395-92291c594060,vendor_not_seen_in_a_while,2020-08-01,invoice,21fb3f80-6e2a-4558-8395-92291c594060
63,3f7ee123-da31-4da6-9e4a-955036917a82,First new bill in 4.0 months from vendor 29565c48-872e-4a2a-a582-00dcdac573a1,vendor_not_seen_in_a_while,2020-11-05,invoice,29565c48-872e-4a2a-a582-00dcdac573a1
64,5d54a4bb-1b21-4ae8-bbe4-48902789f042,First new bill in 7.0 months from vendor b93ecf73-001d-4f4e-a51d-8be42d9f6566,vendor_not_seen_in_a_while,2020-03-01,invoice,b93ecf73-001d-4f4e-a51d-8be42d9f6566
65,0fa4a2b0-91eb-4127-9330-30eadf5a2c36,First new bill in 3.0 months from vendor b93ecf73-001d-4f4e-a51d-8be42d9f6566,vendor_not_seen_in_a_while,2020-12-01,invoice,b93ecf73-001d-4f4e-a51d-8be42d9f6566
66,679dcf8f-b85a-4fed-8a87-06011ee08090,First new bill in 5.0 months from vendor 89e07175-feef-43ea-a989-f96ad4d52fc5,vendor_not_seen_in_a_while,2020-03-30,invoice,89e07175-feef-43ea-a989-f96ad4d52fc5
67,378f3ba8-3fc8-4e00-b0fe-33ee4fe00ef9,First new bill in 5.0 months from vendor 89e07175-feef-43ea-a989-f96ad4d52fc5,vendor_not_seen_in_a_while,2020-12-03,invoice,89e07175-feef-43ea-a989-f96ad4d52fc5
68,59dab3e6-9d48-43d4-8709-c7afee474254,First new bill in 4.0 months from vendor 80255121-e6ff-4d27-ab0f-967834bbd068,vendor_not_seen_in_a_while,2020-12-02,invoice,80255121-e6ff-4d27-ab0f-967834bbd068
69,cd44eb6d-d84d-4bb1-9ff9-0e56d14e4f01,First new bill in 4.0 months from vendor b21a0540-aaff-4d8d-ad8e-4430809fe0ff,vendor_not_seen_in_a_while,2020-11-13,invoice,b21a0540-aaff-4d8d-ad8e-4430809fe0ff
70,8aee1c4c-5297-455c-8424-a1dcb50f5966,First new bill in 10.0 months from vendor 1e71abd5-41e3-488d-bb1c-9e48f3790846,vendor_not_seen_in_a_while,2020-01-24,invoice,1e71abd5-41e3-488d-bb1c-9e48f3790846
71,b2e50430-7d2e-4139-8d16-ebd428a82501,First new bill in 4.0 months from vendor 1e71abd5-41e3-488d-bb1c-9e48f3790846,vendor_not_seen_in_a_while,2020-07-22,invoice,1e71abd5-41e3-488d-bb1c-9e48f3790846
72,60b339d1-4543-429e-a956-bf57db148555,First new bill in 4.0 months from vendor 8b841974-e08f-4259-b81c-42e9e4e52ce0,vendor_not_seen_in_a_while,2020-11-13,invoice,8b841974-e08f-4259-b81c-42e9e4e52ce0
73,0bba62d3-3781-4b8d-9707-13494fff7fd3,First new bill in 3.0 months from vendor 8db7096a-752d-433f-a263-555b035c7836,vendor_not_seen_in_a_while,2020-03-27,invoice,8db7096a-752d-433f-a263-555b035c7836
74,84229a05-8ad0-4453-aa02-7fc941abfd4b,First new bill in 4.0 months from vendor 8db7096a-752d-433f-a263-555b035c7836,vendor_not_seen_in_a_while,2020-07-24,invoice,8db7096a-752d-433f-a263-555b035c7836
75,29a4fcb6-c841-4719-b3b5-82a99c4bed05,First new bill in 5.0 months from vendor f51bef62-eaee-4469-a595-f5617240ffd7,vendor_not_seen_in_a_while,2020-05-31,invoice,f51bef62-eaee-4469-a595-f5617240ffd7
76,6b195fcd-b808-402e-b861-6bb3e74a279d,First new bill in 4.0 months from vendor 3cac8be6-0624-4009-a020-ba55673e747f,vendor_not_seen_in_a_while,2020-11-30,invoice,3cac8be6-0624-4009-a020-ba55673e747f
77,516813f6-610c-4d79-9f65-2a37068310dd,First new bill in 4.0 months from vendor a77018fe-ac76-45bd-a716-fe514eccff4c,vendor_not_seen_in_a_while,2019-10-04,invoice,a77018fe-ac76-45bd-a716-fe514eccff4c
78,60f5c828-dec2-4315-8f19-9ab8904c99c3,First new bill in 14.0 months from vendor a77018fe-ac76-45bd-a716-fe514eccff4c,vendor_not_seen_in_a_while,2020-12-02,invoice,a77018fe-ac76-45bd-a716-fe514eccff4c
79,c88b4727-23fc-4fd6-a28d-231f1d6ba4ea,First new bill in 6.0 months from vendor 5563cff8-b050-45e9-89d3-eb079dfeb12a,vendor_not_seen_in_a_while,2020-06-23,invoice,5563cff8-b050-45e9-89d3-eb079dfeb12a
80,7da68667-4f3c-4b9d-b9ac-6db57ce49494,First new bill in 13.0 months from vendor 021143b8-0357-4836-ab87-50a9756d8156,vendor_not_seen_in_a_while,2020-06-22,invoice,021143b8-0357-4836-ab87-50a9756d8156
81,8b16d573-35fb-42bb-945d-ff15c9c64645,First new bill in 8.0 months from vendor ccbbb78a-7cb7-4241-8062-03c16ed80114,vendor_not_seen_in_a_while,2020-05-29,invoice,ccbbb78a-7cb7-4241-8062-03c16ed80114
82,82628348-faac-4c6b-91c5-eea98a9bd7fb,First new bill in 6.0 months from vendor 9902c4c2-0232-461f-95be-4cca2af048e9,vendor_not_seen_in_a_while,2019-12-23,invoice,9902c4c2-0232-461f-95be-4cca2af048e9
83,2ed48c62-bc57-431e-a807-27e3b0c2e1da,First new bill in 3.0 months from vendor 3ae52557-3479-429d-b08c-3fd76b3f6976,vendor_not_seen_in_a_while,2020-06-01,invoice,3ae52557-3479-429d-b08c-3fd76b3f6976
84,97413a14-32ea-46cd-bb57-0ce495d0fe9e,First new bill in 3.0 months from vendor c4f17ca4-2a0f-4141-b39b-a8862dc1dfda,vendor_not_seen_in_a_while,2019-07-01,invoice,c4f17ca4-2a0f-4141-b39b-a8862dc1dfda
85,755b9528-4baa-42be-a6fb-6230b80a8c6f,First new bill in 3.0 months from vendor c4f17ca4-2a0f-4141-b39b-a8862dc1dfda,vendor_not_seen_in_a_while,2019-10-01,invoice,c4f17ca4-2a0f-4141-b39b-a8862dc1dfda
86,410a5f09-65f2-4ea1-b281-5853461f6221,First new bill in 8.0 months from vendor c4f17ca4-2a0f-4141-b39b-a8862dc1dfda,vendor_not_seen_in_a_while,2020-06-04,invoice,c4f17ca4-2a0f-4141-b39b-a8862dc1dfda
87,8cb5e24c-2ebd-489b-a2d9-a36caee0fb52,First new bill in 4.0 months from vendor c4f17ca4-2a0f-4141-b39b-a8862dc1dfda,vendor_not_seen_in_a_while,2020-11-01,invoice,c4f17ca4-2a0f-4141-b39b-a8862dc1dfda
88,20c2b6d7-2529-4023-a15b-2a3719ae6a6e,First new bill in 4.0 months from vendor 3c1f0ab8-e203-4d12-a787-acb626e0af06,vendor_not_seen_in_a_while,2020-03-23,invoice,3c1f0ab8-e203-4d12-a787-acb626e0af06
89,7e44ac09-474c-41ec-a971-50d4a7517033,First new bill in 5.0 months from vendor af77b10e-791e-4b43-a1eb-116e3e4bc4ec,vendor_not_seen_in_a_while,2019-12-31,invoice,af77b10e-791e-4b43-a1eb-116e3e4bc4ec
90,cef88711-29f9-4528-b513-697451b55921,First new bill in 3.0 months from vendor 3765dbe9-971b-4584-806b-1c42411fa0c2,vendor_not_seen_in_a_while,2020-06-30,invoice,3765dbe9-971b-4584-806b-1c42411fa0c2
91,93579af8-4dfb-4e16-8e2f-bbfe3c4c9a3a,First new bill in 11.0 months from vendor fa55b0fc-3094-4fe0-8401-db844e15c7a4,vendor_not_seen_in_a_while,2020-07-22,invoice,fa55b0fc-3094-4fe0-8401-db844e15c7a4
92,55053ebb-bd16-407b-a5b4-b36242dec399,First new bill in 6.0 months from vendor 1d937e0f-683d-4958-9ebd-6c6156899afc,vendor_not_seen_in_a_while,2019-08-17,invoice,1d937e0f-683d-4958-9ebd-6c6156899afc
93,f59be936-6ff8-4657-9d75-cb336c861e67,First new bill in 10.0 months from vendor 638e18e6-906b-4dc2-af56-7b12107fdf70,vendor_not_seen_in_a_while,2020-04-10,invoice,638e18e6-906b-4dc2-af56-7b12107fdf70
94,f2de811b-7cd4-489f-ad8e-03f7b24b395e,First new bill in 3.0 months from vendor 28e56fde-ad44-4a12-8ac0-6a0ea7565313,vendor_not_seen_in_a_while,2020-11-01,invoice,28e56fde-ad44-4a12-8ac0-6a0ea7565313
95,1b516a53-7945-437f-868b-7ee631b66f4c,First new bill in 4.0 months from vendor acd10343-3667-4457-9d2f-3719b80379fa,vendor_not_seen_in_a_while,2020-11-13,invoice,acd10343-3667-4457-9d2f-3719b80379fa
96,db1dece5-93b9-4bcf-b041-937542b91a44,First new bill in 10.0 months from vendor 4fcbbc40-71cc-4aa8-84f2-32093f94bcb8,vendor_not_seen_in_a_while,2020-11-08,invoice,4fcbbc40-71cc-4aa8-84f2-32093f94bcb8
97,30b88037-7ac1-40b7-a39b-8649abb8c4e9,First new bill in 5.0 months from vendor 99a9882c-a221-44f7-8ebe-70bcbd44f037,vendor_not_seen_in_a_while,2020-08-31,invoice,99a9882c-a221-44f7-8ebe-70bcbd44f037
98,bee78f9f-2da0-4435-b84f-74720824a734,First new bill in 5.0 months from vendor a96c5d60-7df0-4360-b714-02ef221e4bd0,vendor_not_seen_in_a_while,2019-07-21,invoice,a96c5d60-7df0-4360-b714-02ef221e4bd0
99,90d81ad1-aa68-4178-b85b-fa49bf1ce7df,First new bill in 3.0 months from vendor a96c5d60-7df0-4360-b714-02ef221e4bd0,vendor_not_seen_in_a_while,2019-12-01,invoice,a96c5d60-7df0-4360-b714-02ef221e4bd0
100,1f5f58fb-e058-4e0e-8947-213477a717f9,First new bill in 7.0 months from vendor aee7d766-492f-42cb-b5c0-44744c2d8592,vendor_not_seen_in_a_while,2020-02-25,invoice,aee7d766-492f-42cb-b5c0-44744c2d8592
101,da524b7e-4d08-402f-b7cc-5ec435fe652f,First new bill in 7.0 months from vendor aee7d766-492f-42cb-b5c0-44744c2d8592,vendor_not_seen_in_a_while,2020-09-21,invoice,aee7d766-492f-42cb-b5c0-44744c2d8592
102,f7a7a716-afcd-4025-93b3-cbef83586981,First new bill in 6.0 months from vendor 122c91c1-d193-4e6e-aae4-4c480aafec6e,vendor_not_seen_in_a_while,2020-06-30,invoice,122c91c1-d193-4e6e-aae4-4c480aafec6e
103,74d9feeb-f573-4612-89a3-a928895e2dec,First new bill in 5.0 months from vendor 122c91c1-d193-4e6e-aae4-4c480aafec6e,vendor_not_seen_in_a_while,2020-11-14,invoice,122c91c1-d193-4e6e-aae4-4c480aafec6e
104,e6d8bd39-5a45-4290-be7a-dbc0fd853412,First new bill in 11.0 months from vendor cd2685ce-75d4-4c34-9f16-c84497f553ad,vendor_not_seen_in_a_while,2020-09-01,invoice,cd2685ce-75d4-4c34-9f16-c84497f553ad
105,43e791f9-d00a-48f6-ac4f-b61a06ae7448,First new bill in 3.0 months from vendor 2db713d9-3a53-493e-94a6-ac99c46692f6,vendor_not_seen_in_a_while,2020-04-19,invoice,2db713d9-3a53-493e-94a6-ac99c46692f6
106,40162583-9622-4b9e-9e3d-2931104abd2a,First new bill in 3.0 months from vendor a1605dc3-90cb-403c-ab7e-14155e817cae,vendor_not_seen_in_a_while,2020-11-12,invoice,a1605dc3-90cb-403c-ab7e-14155e817cae
107,44b99ba9-1161-46c2-96e5-476c48617f91,First new bill in 5.0 months from vendor 986d39ef-7309-4465-9ac8-fcef6f3ee5f6,vendor_not_seen_in_a_while,2020-06-09,invoice,986d39ef-7309-4465-9ac8-fcef6f3ee5f6
108,86cd5e3c-babb-469f-8201-de2db3a83576,First new bill in 3.0 months from vendor ecb100ed-3d01-4251-b872-b8ea8b3b05f2,vendor_not_seen_in_a_while,2019-06-06,invoice,ecb100ed-3d01-4251-b872-b8ea8b3b05f2
109,4c9f59bc-bcfa-48d6-8e62-57afaa2fe1a9,First new bill in 14.0 months from vendor ecb100ed-3d01-4251-b872-b8ea8b3b05f2,vendor_not_seen_in_a_while,2020-08-04,invoice,ecb100ed-3d01-4251-b872-b8ea8b3b05f2
110,125cf4ff-8ede-4c9f-a743-5412e5d25cf0,Line items from vendor a5883740-aea5-4716-8f07-7b4765cb2385 in this invoice cover future periods (through 2020-05-23 ),accrual_alert,2019-11-30,invoice,a5883740-aea5-4716-8f07-7b4765cb2385
111,c78951d3-fdfb-4891-b20b-409c889d0924,Line items from vendor f63517f0-5734-4fec-a0b9-b31b5f5a1dfa in this invoice cover future periods (through 2021-05-26 ),accrual_alert,2020-07-17,invoice,f63517f0-5734-4fec-a0b9-b31b5f5a1dfa
112,8117ee79-1404-4622-b1be-1a1e88a595ff,Line items from vendor 44ae301b-5ff0-4152-9481-9111527db8be in this invoice cover future periods (through 2021-02-28 ),accrual_alert,2020-07-01,invoice,44ae301b-5ff0-4152-9481-9111527db8be
113,755ac24c-16fe-40b7-8231-add1ca32f374,Line items from vendor 77f19ce5-d4dc-41f2-9fa2-5d97f7be0d36 in this invoice cover future periods (through 2021-11-11 ),accrual_alert,2020-10-06,invoice,77f19ce5-d4dc-41f2-9fa2-5d97f7be0d36
114,b8af2868-4a63-46cd-938b-0a5e3d796b88,Line items from vendor e7f597e5-0d7b-4192-a7d8-60d0b3b4115e in this invoice cover future periods (through 2020-12-31 ),accrual_alert,2020-09-01,invoice,e7f597e5-0d7b-4192-a7d8-60d0b3b4115e
115,d6aba1cc-1d8f-4f21-9dd7-0cd95dd187d7,Line items from vendor a96c5d60-7df0-4360-b714-02ef221e4bd0 in this invoice cover future periods (through 2021-06-30 ),accrual_alert,2020-12-01,invoice,a96c5d60-7df0-4360-b714-02ef221e4bd0
116,fba75a94-3c9d-42f1-8f19-5d3cad315faf,Line items from vendor e7f597e5-0d7b-4192-a7d8-60d0b3b4115e in this invoice cover future periods (through 2020-03-31 ),accrual_alert,2019-04-12,invoice,e7f597e5-0d7b-4192-a7d8-60d0b3b4115e
117,9eddf30a-fcba-47f2-9d61-12285d231f50,Line items from vendor 1e71abd5-41e3-488d-bb1c-9e48f3790846 in this invoice cover future periods (through 2021-08-16 ),accrual_alert,2020-08-17,invoice,1e71abd5-41e3-488d-bb1c-9e48f3790846
118,d1b05277-fd1d-4dbf-a702-b042245a0c00,Line items from vendor 089685a6-ecec-44ab-bfdf-b2ccb5182382 in this invoice cover future periods (through 2021-02-28 ),accrual_alert,2020-03-03,invoice,089685a6-ecec-44ab-bfdf-b2ccb5182382
119,b7498d8b-901d-459c-81d5-611b32a2dd49,Line items from vendor 4fcbbc40-71cc-4aa8-84f2-32093f94bcb8 in this invoice cover future periods (through 2021-01-03 ),accrual_alert,2020-01-03,invoice,4fcbbc40-71cc-4aa8-84f2-32093f94bcb8
120,84722bf4-f420-4db4-85d8-4a761b555e87,Line items from vendor 8f3ae183-3da9-4113-b432-e559dcba8f1c in this invoice cover future periods (through 2020-04-16 ),accrual_alert,2019-04-17,invoice,8f3ae183-3da9-4113-b432-e559dcba8f1c
121,7bee7601-62ae-4bb7-9ac5-49cab9d6f9f7,Line items from vendor de14faf5-0fe0-4b6c-8309-e58510b625fd in this invoice cover future periods (through 2020-02-14 ),accrual_alert,2019-06-15,invoice,de14faf5-0fe0-4b6c-8309-e58510b625fd
122,378f3ba8-3fc8-4e00-b0fe-33ee4fe00ef9,Line items from vendor 89e07175-feef-43ea-a989-f96ad4d52fc5 in this invoice cover future periods (through 2021-07-27 ),accrual_alert,2020-12-03,invoice,89e07175-feef-43ea-a989-f96ad4d52fc5
123,b2238042-2cb1-473a-a5f1-1717fa2c72c2,Line items from vendor 1d937e0f-683d-4958-9ebd-6c6156899afc in this invoice cover future periods (through 2019-08-16 ),accrual_alert,2019-02-18,invoice,1d937e0f-683d-4958-9ebd-6c6156899afc
124,60b75cef-ae45-4b5b-a14d-f7d3c3f0d3db,Line items from vendor 3868ba1e-df06-4cdf-8445-3ff788ef6085 in this invoice cover future periods (through 2020-11-19 ),accrual_alert,2020-07-31,invoice,3868ba1e-df06-4cdf-8445-3ff788ef6085
125,78d8dd34-7d40-4dcd-9422-cb242bcb76ba,Line items from vendor e7f597e5-0d7b-4192-a7d8-60d0b3b4115e in this invoice cover future periods (through 2020-03-31 ),accrual_alert,2019-12-01,invoice,e7f597e5-0d7b-4192-a7d8-60d0b3b4115e
126,c517aa0a-9f83-4623-aa31-580145e12fec,Line items from vendor 3629f0a6-158e-4027-92c7-26806c316bc2 in this invoice cover future periods (through 2020-04-30 ),accrual_alert,2019-05-01,invoice,3629f0a6-158e-4027-92c7-26806c316bc2
127,6466a44c-8f5b-41b4-9eec-f76f505c2cb6,Line items from vendor 4f4cbe2c-c5e1-4e3e-b587-16fa13db6658 in this invoice cover future periods (through 2021-09-30 ),accrual_alert,2020-09-30,invoice,4f4cbe2c-c5e1-4e3e-b587-16fa13db6658
128,10dd9391-fd91-4723-91bd-9ca824f91d8d,Line items from vendor a96c5d60-7df0-4360-b714-02ef221e4bd0 in this invoice cover future periods (through 2021-06-30 ),accrual_alert,2020-09-01,invoice,a96c5d60-7df0-4360-b714-02ef221e4bd0
129,64289ae6-8372-4828-a5cc-9d9ecf59d29b,Line items from vendor 24948ce5-3a98-4911-80ed-3cf0d6e997e3 in this invoice cover future periods (through 2021-10-05 ),accrual_alert,2020-10-08,invoice,24948ce5-3a98-4911-80ed-3cf0d6e997e3
130,8b19d4f0-c43c-4dfc-91f5-c7fd5a559d74,Line items from vendor 5c178016-5623-467f-9129-5dc77ef65d2a in this invoice cover future periods (through 2021-11-14 ),accrual_alert,2020-11-03,invoice,5c178016-5623-467f-9129-5dc77ef65d2a
131,90d81ad1-aa68-4178-b85b-fa49bf1ce7df,Line items from vendor a96c5d60-7df0-4360-b714-02ef221e4bd0 in this invoice cover future periods (through 2020-06-30 ),accrual_alert,2019-12-01,invoice,a96c5d60-7df0-4360-b714-02ef221e4bd0
132,d1a6beb8-12d4-456a-a0b4-0e7340ad504d,Line items from vendor 8f3ae183-3da9-4113-b432-e559dcba8f1c in this invoice cover future periods (through 2021-02-22 ),accrual_alert,2020-02-24,invoice,8f3ae183-3da9-4113-b432-e559dcba8f1c
133,84229a05-8ad0-4453-aa02-7fc941abfd4b,Line items from vendor 8db7096a-752d-433f-a263-555b035c7836 in this invoice cover future periods (through 2021-07-17 ),accrual_alert,2020-07-24,invoice,8db7096a-752d-433f-a263-555b035c7836
134,9ca879e9-0802-4780-8927-0dc6ac8a9461,Line items from vendor c753ab1a-cd7b-4968-9a25-0f0471b0c882 in this invoice cover future periods (through 2021-03-12 ),accrual_alert,2020-03-13,invoice,c753ab1a-cd7b-4968-9a25-0f0471b0c882
135,bbee96f8-1932-48c8-9271-9ef93a791e7a,Line items from vendor 87e2f356-83e8-46d5-abc0-8cf3ed21274c in this invoice cover future periods (through 2021-10-15 ),accrual_alert,2020-10-15,invoice,87e2f356-83e8-46d5-abc0-8cf3ed21274c
136,28ac6036-8ad9-4d5b-969c-37b47b33c005,Line items from vendor 8db7096a-752d-433f-a263-555b035c7836 in this invoice cover future periods (through 2021-01-30 ),accrual_alert,2019-12-19,invoice,8db7096a-752d-433f-a263-555b035c7836
137,b9e4a9ee-3401-47e9-a245-4f6a4aa1d593,Line items from vendor 1e71abd5-41e3-488d-bb1c-9e48f3790846 in this invoice cover future periods (through 2021-07-24 ),accrual_alert,2020-08-07,invoice,1e71abd5-41e3-488d-bb1c-9e48f3790846
138,c2266763-4a5b-4417-9845-7e0f1724c98e,Line items from vendor fea365d4-8012-4dfa-a1f8-76a281bcf61f in this invoice cover future periods (through 2021-02-14 ),accrual_alert,2020-02-14,invoice,fea365d4-8012-4dfa-a1f8-76a281bcf61f
139,acbec87b-a395-4add-86c6-2ab2ab7aafda,Line items from vendor 982c44ce-08fc-4abb-8191-e80dd5cb7782 in this invoice cover future periods (through 2021-07-23 ),accrual_alert,2020-05-15,invoice,982c44ce-08fc-4abb-8191-e80dd5cb7782
140,e0b90c0e-534a-44db-b39e-2bb4365867b5,Line items from vendor d483720f-0139-4769-85e5-fc73346d887a in this invoice cover future periods (through 2020-09-01 ),accrual_alert,2020-03-05,invoice,d483720f-0139-4769-85e5-fc73346d887a
141,2066d339-2da0-4139-9a08-bfab58357ed9,Line items from vendor 1e71abd5-41e3-488d-bb1c-9e48f3790846 in this invoice cover future periods (through 2020-07-24 ),accrual_alert,2020-03-24,invoice,1e71abd5-41e3-488d-bb1c-9e48f3790846
142,da040a6b-ecb3-4d1d-bf75-35df1dd9ecc0,Line items from vendor 10eaea15-03c3-4d52-9120-9fa817ae4fd3 in this invoice cover future periods (through 2020-05-17 ),accrual_alert,2020-01-17,invoice,10eaea15-03c3-4d52-9120-9fa817ae4fd3
143,0edc879f-caaf-472d-9cc8-5cd3f8749495,Line items from vendor cc0456d5-4005-4b17-9b7b-4723a4cdc078 in this invoice cover future periods (through 2020-10-12 ),accrual_alert,2020-07-02,invoice,cc0456d5-4005-4b17-9b7b-4723a4cdc078
144,3605e6e4-1de4-4d46-b760-3f455280b28e,Line items from vendor ecb100ed-3d01-4251-b872-b8ea8b3b05f2 in this invoice cover future periods (through 2021-08-03 ),accrual_alert,2020-11-02,invoice,ecb100ed-3d01-4251-b872-b8ea8b3b05f2
145,35ecbba3-d114-4fef-b049-8a619bc242d7,Line items from vendor ac3f3d3d-c89a-4cea-8e33-29cfb93854e2 in this invoice cover future periods (through 2021-09-10 ),accrual_alert,2020-09-10,invoice,ac3f3d3d-c89a-4cea-8e33-29cfb93854e2
146,bee78f9f-2da0-4435-b84f-74720824a734,Line items from vendor a96c5d60-7df0-4360-b714-02ef221e4bd0 in this invoice cover future periods (through 2020-06-30 ),accrual_alert,2019-07-21,invoice,a96c5d60-7df0-4360-b714-02ef221e4bd0
147,af77dd46-1ac3-414c-9aa6-c7a6e9f2dd7c,Line items from vendor e7f597e5-0d7b-4192-a7d8-60d0b3b4115e in this invoice cover future periods (through 2019-06-30 ),accrual_alert,2019-03-25,invoice,e7f597e5-0d7b-4192-a7d8-60d0b3b4115e
148,48fa8cd4-8d93-4fa9-bcce-157a05007e81,Line items from vendor 1e71abd5-41e3-488d-bb1c-9e48f3790846 in this invoice cover future periods (through 2021-07-24 ),accrual_alert,2020-11-20,invoice,1e71abd5-41e3-488d-bb1c-9e48f3790846
149,ecfcf505-d399-4aec-86d7-03531cad20e8,Line items from vendor 089685a6-ecec-44ab-bfdf-b2ccb5182382 in this invoice cover future periods (through 2021-07-31 ),accrual_alert,2020-08-01,invoice,089685a6-ecec-44ab-bfdf-b2ccb5182382
150,e4affcd2-135e-489f-ab4a-b7fe6dd271b9,Line items from vendor c2718d64-1501-499a-81c0-31c84c551293 in this invoice cover future periods (through 2021-06-29 ),accrual_alert,2020-06-26,invoice,c2718d64-1501-499a-81c0-31c84c551293
151,7d15493b-d048-4b96-892c-aa1dc3c6ced1,Line items from vendor de14faf5-0fe0-4b6c-8309-e58510b625fd in this invoice cover future periods (through 2020-02-14 ),accrual_alert,2019-05-15,invoice,de14faf5-0fe0-4b6c-8309-e58510b625fd
152,a205f7ca-d7ae-4c52-a6ac-8eb9e32a588f,Line items from vendor 089685a6-ecec-44ab-bfdf-b2ccb5182382 in this invoice cover future periods (through 2021-07-31 ),accrual_alert,2020-08-01,invoice,089685a6-ecec-44ab-bfdf-b2ccb5182382
153,1af7182d-50e6-4791-ad45-fd8b7c640f4a,Line items from vendor 3868ba1e-df06-4cdf-8445-3ff788ef6085 in this invoice cover future periods (through 2020-05-19 ),accrual_alert,2020-01-31,invoice,3868ba1e-df06-4cdf-8445-3ff788ef6085
154,63571cd7-04af-4cb2-955e-f9a504274577,Line items from vendor e7f597e5-0d7b-4192-a7d8-60d0b3b4115e in this invoice cover future periods (through 2020-10-31 ),accrual_alert,2020-08-01,invoice,e7f597e5-0d7b-4192-a7d8-60d0b3b4115e
155,856276d7-c82c-4f82-8fd9-394bcf925828,Line items from vendor 8e2af45b-091b-4ea9-b344-1d38c8e7da1d in this invoice cover future periods (through 2021-03-01 ),accrual_alert,2020-02-18,invoice,8e2af45b-091b-4ea9-b344-1d38c8e7da1d
156,c0c415b1-ad5f-45d6-ae36-e1e0af7fa6c9,Line items from vendor 17ef937f-5818-446d-957d-6debb35dfe3a in this invoice cover future periods (through 2021-09-04 ),accrual_alert,2020-08-06,invoice,17ef937f-5818-446d-957d-6debb35dfe3a
157,9fedc4c4-7ad7-4602-9dea-4d2acefaab06,Line items from vendor 6152f258-554d-4e4c-be58-1b47080b3e33 in this invoice cover future periods (through 2020-06-28 ),accrual_alert,2019-06-30,invoice,6152f258-554d-4e4c-be58-1b47080b3e33
158,f7a7a716-afcd-4025-93b3-cbef83586981,Line items from vendor 122c91c1-d193-4e6e-aae4-4c480aafec6e in this invoice cover future periods (through 2021-06-29 ),accrual_alert,2020-06-30,invoice,122c91c1-d193-4e6e-aae4-4c480aafec6e
159,0c33e2a7-1922-4dcc-87c9-1946b7fcef3e,Line items from vendor cc0456d5-4005-4b17-9b7b-4723a4cdc078 in this invoice cover future periods (through 2021-04-12 ),accrual_alert,2020-10-30,invoice,cc0456d5-4005-4b17-9b7b-4723a4cdc078
160,c11b6d8b-b91e-4c15-9339-a56bb48a31d9,Line items from vendor 8f3ae183-3da9-4113-b432-e559dcba8f1c in this invoice cover future periods (through 2021-03-05 ),accrual_alert,2020-03-06,invoice,8f3ae183-3da9-4113-b432-e559dcba8f1c
161,ac37194f-7d1f-4ed9-92cf-973dc0321d3f,Line items from vendor 8f3ae183-3da9-4113-b432-e559dcba8f1c in this invoice cover future periods (through 2021-06-06 ),accrual_alert,2020-06-07,invoice,8f3ae183-3da9-4113-b432-e559dcba8f1c
162,3a92afa9-bf13-41ad-8c3e-7940d36fac7d,Line items from vendor 2620e12d-28db-457b-98cd-2e9645aeb474 in this invoice cover future periods (through 2021-10-21 ),accrual_alert,2020-10-20,invoice,2620e12d-28db-457b-98cd-2e9645aeb474
163,ae0753a7-5120-4d42-ba90-6410ebb19ba5,Line items from vendor e7f597e5-0d7b-4192-a7d8-60d0b3b4115e in this invoice cover future periods (through 2019-12-31 ),accrual_alert,2019-09-01,invoice,e7f597e5-0d7b-4192-a7d8-60d0b3b4115e
164,9355f8d1-c32f-47d9-8ae6-5b0d54252eb9,Line items from vendor dc885256-e806-4a7a-bd68-37b1eed72643 in this invoice cover future periods (through 2021-07-15 ),accrual_alert,2020-07-14,invoice,dc885256-e806-4a7a-bd68-37b1eed72643
165,e655e483-4cab-4283-805b-45821d702d3b,Line items from vendor 6152f258-554d-4e4c-be58-1b47080b3e33 in this invoice cover future periods (through 2021-06-30 ),accrual_alert,2020-07-06,invoice,6152f258-554d-4e4c-be58-1b47080b3e33
166,dc30bee5-30da-4ebd-ac70-e2da40d91e9c,Line items from vendor 2620e12d-28db-457b-98cd-2e9645aeb474 in this invoice cover future periods (through 2021-07-16 ),accrual_alert,2020-09-30,invoice,2620e12d-28db-457b-98cd-2e9645aeb474
167,cd934ae6-4f68-41b1-9ea4-d0a3f8bee666,Line items from vendor 38830513-7b23-4eb5-97c7-21ab7f48275c in this invoice cover future periods (through 2021-11-30 ),accrual_alert,2020-11-30,invoice,38830513-7b23-4eb5-97c7-21ab7f48275c
168,281ca139-6751-4626-9fcf-764c9fc1c322,Line items from vendor 1e71abd5-41e3-488d-bb1c-9e48f3790846 in this invoice cover future periods (through 2021-09-24 ),accrual_alert,2020-09-25,invoice,1e71abd5-41e3-488d-bb1c-9e48f3790846
169,dd49b8bd-b2fd-4e92-9abf-6a4a3fce12ca,Line items from vendor 27184514-17c5-466d-9f68-e02253695bfa in this invoice cover future periods (through 2020-12-31 ),accrual_alert,2020-01-06,invoice,27184514-17c5-466d-9f68-e02253695bfa
170,4c2a3ed7-37db-4fcb-84c9-ba166a1cc707,Line items from vendor f6a663c1-5ea2-4f62-b673-2372383e0a6c in this invoice cover future periods (through 2020-10-31 ),accrual_alert,2019-10-31,invoice,f6a663c1-5ea2-4f62-b673-2372383e0a6c
171,3686318d-2bc4-4179-8b17-fd5f251b66f6,Line items from vendor a5883740-aea5-4716-8f07-7b4765cb2385 in this invoice cover future periods (through 2021-05-23 ),accrual_alert,2020-05-21,invoice,a5883740-aea5-4716-8f07-7b4765cb2385
172,aa72f769-0c12-4c5e-bc86-d74be4fa8eeb,Line items from vendor 0fe5f1a4-849a-4e7c-bb11-00e5e9d6cec0 in this invoice cover future periods (through 2020-11-25 ),accrual_alert,2019-11-30,invoice,0fe5f1a4-849a-4e7c-bb11-00e5e9d6cec0
173,16d3aa45-9fab-48c5-9e37-02ffaacdc106,Line items from vendor 8b66c60d-af66-4e46-b28c-45ead7f13b23 in this invoice cover future periods (through 2020-04-28 ),accrual_alert,2019-05-24,invoice,8b66c60d-af66-4e46-b28c-45ead7f13b23
174,404b5a7d-c274-40a6-b898-4098a141efb7,Line items from vendor e2091bc3-f9d7-4647-a1db-1f648b438b74 in this invoice cover future periods (through 2021-01-12 ),accrual_alert,2020-01-13,invoice,e2091bc3-f9d7-4647-a1db-1f648b438b74
175,bb3532a9-e04b-4efd-8069-47b31ef0d6f3,Line items from vendor da721a36-1290-4312-9d76-557c19c5736e in this invoice cover future periods (through 2020-07-07 ),accrual_alert,2019-12-26,invoice,da721a36-1290-4312-9d76-557c19c5736e
176,263242f8-ce37-419a-adec-ac71ed8a1564,Line items from vendor 37a1712d-f876-4282-9221-57b13e19dc9c in this invoice cover future periods (through 2021-02-14 ),accrual_alert,2020-11-15,invoice,37a1712d-f876-4282-9221-57b13e19dc9c
177,fd3222d0-3dd9-488f-96b0-ae9baae3a32d,Line items from vendor aaf161af-1b36-4c8a-a622-6ba062853874 in this invoice cover future periods (through 2021-01-31 ),accrual_alert,2020-04-30,invoice,aaf161af-1b36-4c8a-a622-6ba062853874
178,bea0bb57-1e1b-4e4a-b2e1-e72a20ac50eb,Line items from vendor 10eaea15-03c3-4d52-9120-9fa817ae4fd3 in this invoice cover future periods (through 2020-05-16 ),accrual_alert,2019-11-17,invoice,10eaea15-03c3-4d52-9120-9fa817ae4fd3
179,a4d00b18-4082-41bf-82d5-b117cb56a4bd,Line items from vendor 8fe7675b-991f-43f3-8c04-c0d83771d781 in this invoice cover future periods (through 2021-06-11 ),accrual_alert,2020-06-10,invoice,8fe7675b-991f-43f3-8c04-c0d83771d781
180,83c4686f-e6f2-47a2-8d43-ae8ec5fde1e7,Line items from vendor f3933f74-a96c-4248-88ea-02ffa4402830 in this invoice cover future periods (through 2021-06-30 ),accrual_alert,2020-07-01,invoice,f3933f74-a96c-4248-88ea-02ffa4402830
181,5100f845-ec42-4f1f-9998-f80a734aa121,Line items from vendor cc0456d5-4005-4b17-9b7b-4723a4cdc078 in this invoice cover future periods (through 2021-02-22 ),accrual_alert,2020-10-24,invoice,cc0456d5-4005-4b17-9b7b-4723a4cdc078
182,17ad4be3-71f5-4b0d-bcb0-461d87f8d312,Line items from vendor de14faf5-0fe0-4b6c-8309-e58510b625fd in this invoice cover future periods (through 2020-02-14 ),accrual_alert,2019-07-15,invoice,de14faf5-0fe0-4b6c-8309-e58510b625fd
183,49507c1b-4756-402f-91d7-476ce19ae4b4,Line items from vendor 10f69fbc-678c-4af1-8894-4f176c2b276c in this invoice cover future periods (through 2019-08-14 ),accrual_alert,2019-05-15,invoice,10f69fbc-678c-4af1-8894-4f176c2b276c
184,6a9e1f8c-dc5d-473d-8c09-5a7e024634ad,Line items from vendor 29565c48-872e-4a2a-a582-00dcdac573a1 in this invoice cover future periods (through 2021-07-22 ),accrual_alert,2020-11-10,invoice,29565c48-872e-4a2a-a582-00dcdac573a1
185,7395694c-dc66-45d3-aad0-99d5cc6ddae4,Line items from vendor 35c065e2-87fa-4c57-b0b8-c7843433b791 in this invoice cover future periods (through 2021-03-01 ),accrual_alert,2020-03-01,invoice,35c065e2-87fa-4c57-b0b8-c7843433b791
186,8aee1c4c-5297-455c-8424-a1dcb50f5966,Line items from vendor 1e71abd5-41e3-488d-bb1c-9e48f3790846 in this invoice cover future periods (through 2020-07-24 ),accrual_alert,2020-01-24,invoice,1e71abd5-41e3-488d-bb1c-9e48f3790846
187,a402e241-1b10-478c-9d0d-ed5fb5d283d5,Line items from vendor 10eaea15-03c3-4d52-9120-9fa817ae4fd3 in this invoice cover future periods (through 2021-05-17 ),accrual_alert,2020-08-17,invoice,10eaea15-03c3-4d52-9120-9fa817ae4fd3
188,4b26c1c0-8487-4215-9375-3999292cb51c,Line items from vendor 3629f0a6-158e-4027-92c7-26806c316bc2 in this invoice cover future periods (through 2020-04-30 ),accrual_alert,2019-08-31,invoice,3629f0a6-158e-4027-92c7-26806c316bc2
189,95f5e9e6-2017-425f-b48b-3ba0c6a133dd,Line items from vendor e4af8d24-0b7b-44e3-862a-a06d0f8bdd33 in this invoice cover future periods (through 2021-08-10 ),accrual_alert,2020-08-25,invoice,e4af8d24-0b7b-44e3-862a-a06d0f8bdd33
190,17b281e7-0f30-40c6-a2fd-1719c2568326,Line items from vendor 44ae301b-5ff0-4152-9481-9111527db8be in this invoice cover future periods (through 2021-02-28 ),accrual_alert,2020-04-01,invoice,44ae301b-5ff0-4152-9481-9111527db8be
191,8cd99b38-07df-45d6-a448-5fd6b71715d1,Line items from vendor 5563cff8-b050-45e9-89d3-eb079dfeb12a in this invoice cover future periods (through 2020-09-30 ),accrual_alert,2019-10-03,invoice,5563cff8-b050-45e9-89d3-eb079dfeb12a
192,19f5d896-2fec-407f-bef5-0ffdf8ceb485,Line items from vendor 35c065e2-87fa-4c57-b0b8-c7843433b791 in this invoice cover future periods (through 2021-01-25 ),accrual_alert,2020-06-26,invoice,35c065e2-87fa-4c57-b0b8-c7843433b791
193,765a2e3f-c64c-4546-bb16-ea612cdb68a2,Line items from vendor 27184514-17c5-466d-9f68-e02253695bfa in this invoice cover future periods (through 2021-01-31 ),accrual_alert,2020-11-01,invoice,27184514-17c5-466d-9f68-e02253695bfa
194,5635ee65-4432-47c1-9f10-55a44d79272a,Line items from vendor 21fb3f80-6e2a-4558-8395-92291c594060 in this invoice cover future periods (through 2020-07-31 ),accrual_alert,2020-05-01,invoice,21fb3f80-6e2a-4558-8395-92291c594060
195,687965a5-9744-4bdd-bba1-e7308f56598a,Line items from vendor e7f597e5-0d7b-4192-a7d8-60d0b3b4115e in this invoice cover future periods (through 2021-03-31 ),accrual_alert,2020-12-01,invoice,e7f597e5-0d7b-4192-a7d8-60d0b3b4115e
196,55053ebb-bd16-407b-a5b4-b36242dec399,Line items from vendor 1d937e0f-683d-4958-9ebd-6c6156899afc in this invoice cover future periods (through 2020-08-16 ),accrual_alert,2019-08-17,invoice,1d937e0f-683d-4958-9ebd-6c6156899afc
197,74d9feeb-f573-4612-89a3-a928895e2dec,Line items from vendor 122c91c1-d193-4e6e-aae4-4c480aafec6e in this invoice cover future periods (through 2021-05-12 ),accrual_alert,2020-11-14,invoice,122c91c1-d193-4e6e-aae4-4c480aafec6e
198,ad18549c-3c82-46e6-8efe-df2af03666b1,Line items from vendor 10f69fbc-678c-4af1-8894-4f176c2b276c in this invoice cover future periods (through 2020-08-14 ),accrual_alert,2020-05-15,invoice,10f69fbc-678c-4af1-8894-4f176c2b276c
199,44f7907f-f2c9-4ade-b5d5-a149668655d4,Line items from vendor 0fe5f1a4-849a-4e7c-bb11-00e5e9d6cec0 in this invoice cover future periods (through 2020-03-18 ),accrual_alert,2019-03-31,invoice,0fe5f1a4-849a-4e7c-bb11-00e5e9d6cec0
200,3b54e45a-20b9-49fb-93dd-d8317aa1d74f,Line items from vendor 1e71abd5-41e3-488d-bb1c-9e48f3790846 in this invoice cover future periods (through 2019-09-24 ),accrual_alert,2019-03-20,invoice,1e71abd5-41e3-488d-bb1c-9e48f3790846
201,67078ec4-bfb2-4e94-bfd8-eab88d37ced3,Line items from vendor 3d2e310c-a166-42e6-a6d8-fe28f38acbd7 in this invoice cover future periods (through 2021-11-20 ),accrual_alert,2020-10-30,invoice,3d2e310c-a166-42e6-a6d8-fe28f38acbd7
202,1d03a4ae-4614-452b-bd2a-1cd2d5731b99,Line items from vendor c5fed60e-864d-48f6-b399-20ae752bd40d in this invoice cover future periods (through 2021-03-19 ),accrual_alert,2020-03-24,invoice,c5fed60e-864d-48f6-b399-20ae752bd40d
203,b5ddb87f-344a-4366-96f2-807e41b44a7e,Line items from vendor de14faf5-0fe0-4b6c-8309-e58510b625fd in this invoice cover future periods (through 2020-02-14 ),accrual_alert,2019-08-15,invoice,de14faf5-0fe0-4b6c-8309-e58510b625fd
204,829fe906-56e2-481e-9bb0-b27e75f16f15,Line items from vendor 6152f258-554d-4e4c-be58-1b47080b3e33 in this invoice cover future periods (through 2021-06-28 ),accrual_alert,2020-06-10,invoice,6152f258-554d-4e4c-be58-1b47080b3e33
205,b877adbc-6c31-4148-9347-b3c0cf05a7a5,Line items from vendor 1e71abd5-41e3-488d-bb1c-9e48f3790846 in this invoice cover future periods (through 2021-09-24 ),accrual_alert,2020-09-29,invoice,1e71abd5-41e3-488d-bb1c-9e48f3790846
206,eb3311ae-9cff-4ddc-a1e0-935c507d63f7,Line items from vendor a96c5d60-7df0-4360-b714-02ef221e4bd0 in this invoice cover future periods (through 2021-06-30 ),accrual_alert,2020-06-30,invoice,a96c5d60-7df0-4360-b714-02ef221e4bd0
207,c09b2258-a2cd-4b70-9830-b49238bf7dd1,Line items from vendor dc885256-e806-4a7a-bd68-37b1eed72643 in this invoice cover future periods (through 2021-08-08 ),accrual_alert,2020-10-14,invoice,dc885256-e806-4a7a-bd68-37b1eed72643
208,43157318-ba2a-42ac-a9ae-32733fb3fbe9,Line items from vendor 35c065e2-87fa-4c57-b0b8-c7843433b791 in this invoice cover future periods (through 2020-03-01 ),accrual_alert,2019-05-23,invoice,35c065e2-87fa-4c57-b0b8-c7843433b791
209,6b694a05-c771-44b6-bc06-d095053dbef8,Line items from vendor 27184514-17c5-466d-9f68-e02253695bfa in this invoice cover future periods (through 2019-10-31 ),accrual_alert,2019-08-01,invoice,27184514-17c5-466d-9f68-e02253695bfa
210,db1dece5-93b9-4bcf-b041-937542b91a44,Line items from vendor 4fcbbc40-71cc-4aa8-84f2-32093f94bcb8 in this invoice cover future periods (through 2021-11-08 ),accrual_alert,2020-11-08,invoice,4fcbbc40-71cc-4aa8-84f2-32093f94bcb8
211,346b6d5d-6726-43b2-ae31-d7312e19614e,Line items from vendor 182d5da9-06c7-4df6-b88c-b31d7cdd249f in this invoice cover future periods (through 2021-11-11 ),accrual_alert,2020-11-13,invoice,182d5da9-06c7-4df6-b88c-b31d7cdd249f
212,802d4c7e-a9f7-478d-bcf4-95d77646f6c1,Line items from vendor cc0456d5-4005-4b17-9b7b-4723a4cdc078 in this invoice cover future periods (through 2021-04-12 ),accrual_alert,2020-10-15,invoice,cc0456d5-4005-4b17-9b7b-4723a4cdc078
213,243b5a71-1009-4803-9ba4-79c705f42c3e,Line items from vendor 3629f0a6-158e-4027-92c7-26806c316bc2 in this invoice cover future periods (through 2020-04-30 ),accrual_alert,2019-09-24,invoice,3629f0a6-158e-4027-92c7-26806c316bc2
214,2e5ea45c-cb47-4510-a91d-c5b358cc1b1f,Line items from vendor 5ffbef3b-340e-4cb2-b758-e7d0d16b70c8 in this invoice cover future periods (through 2020-04-05 ),accrual_alert,2019-05-01,invoice,5ffbef3b-340e-4cb2-b758-e7d0d16b70c8
215,d3c1fc3b-8cf9-4aa4-b7f1-de4e4e4007b9,Line items from vendor 3629f0a6-158e-4027-92c7-26806c316bc2 in this invoice cover future periods (through 2019-04-30 ),accrual_alert,2018-04-30,invoice,3629f0a6-158e-4027-92c7-26806c316bc2
216,dbdd29d1-5312-4bff-a2d4-540f76141245,Line items from vendor 35c065e2-87fa-4c57-b0b8-c7843433b791 in this invoice cover future periods (through 2020-03-01 ),accrual_alert,2019-03-01,invoice,35c065e2-87fa-4c57-b0b8-c7843433b791
217,7fdc5109-e668-476c-ad42-c309d6da6a16,Line items from vendor e7f597e5-0d7b-4192-a7d8-60d0b3b4115e in this invoice cover future periods (through 2019-12-31 ),accrual_alert,2019-09-01,invoice,e7f597e5-0d7b-4192-a7d8-60d0b3b4115e
218,816441c5-4c16-422c-a52d-254395d2e707,Line items from vendor a7f1156a-1898-40e9-8e72-52eb1f1471ca in this invoice cover future periods (through 2020-11-18 ),accrual_alert,2019-11-19,invoice,a7f1156a-1898-40e9-8e72-52eb1f1471ca
219,53c05a71-7371-461a-8e8e-305db5efa44f,Line items from vendor e88017ef-b605-439f-b770-f69b4b4db327 in this invoice cover future periods (through 2021-05-15 ),accrual_alert,2020-05-21,invoice,e88017ef-b605-439f-b770-f69b4b4db327
220,5a7fc6e9-acb9-44cc-9ddd-af60c1ba0c54,Line items from vendor cad612ff-ce54-42e0-99f0-378b05b0ad4c in this invoice cover future periods (through 2021-09-21 ),accrual_alert,2020-09-22,invoice,cad612ff-ce54-42e0-99f0-378b05b0ad4c
221,499daf22-3755-4c62-9761-b98a38ea75c9,Line items from vendor 57bb81c6-0b87-45b5-a2c1-910a76371867 in this invoice cover future periods (through 2021-06-30 ),accrual_alert,2020-06-01,invoice,57bb81c6-0b87-45b5-a2c1-910a76371867
222,45075b63-1e77-4890-8073-e3b9307ee80d,Line items from vendor f51bef62-eaee-4469-a595-f5617240ffd7 in this invoice cover future periods (through 2021-08-17 ),accrual_alert,2020-11-30,invoice,f51bef62-eaee-4469-a595-f5617240ffd7
223,cf33c145-9170-497e-82d4-2a55476f8d46,Line items from vendor 3868ba1e-df06-4cdf-8445-3ff788ef6085 in this invoice cover future periods (through 2020-08-19 ),accrual_alert,2020-04-30,invoice,3868ba1e-df06-4cdf-8445-3ff788ef6085
224,69ffc674-31c3-4bc8-8c39-a0e8af264db3,Line items from vendor acf227bd-5e7b-45bc-84c9-f1cf959bd450 in this invoice cover future periods (through 2021-07-21 ),accrual_alert,2020-07-21,invoice,acf227bd-5e7b-45bc-84c9-f1cf959bd450
225,88c68599-3885-44e4-a86e-f04c6a67d01d,Line items from vendor e7f597e5-0d7b-4192-a7d8-60d0b3b4115e in this invoice cover future periods (through 2019-09-30 ),accrual_alert,2019-06-12,invoice,e7f597e5-0d7b-4192-a7d8-60d0b3b4115e
226,38387286-1034-4580-881b-b63be8b534a4,Line items from vendor 7409fa50-fde9-4939-8efe-dc73cbd1e9c7 in this invoice cover future periods (through 2020-10-31 ),accrual_alert,2019-11-03,invoice,7409fa50-fde9-4939-8efe-dc73cbd1e9c7
227,7f61b80c-73b8-4f01-9597-1d3807157447,Line items from vendor 8e311a16-8be6-4f76-814e-7c28e7edb50b in this invoice cover future periods (through 2021-01-01 ),accrual_alert,2020-01-01,invoice,8e311a16-8be6-4f76-814e-7c28e7edb50b
228,ec6f7749-c5b5-4b85-a1cf-c32d1cf644f6,Line items from vendor bb88ba22-9eb6-43f4-81f2-4e166d38b429 in this invoice cover future periods (through 2021-11-02 ),accrual_alert,2020-10-14,invoice,bb88ba22-9eb6-43f4-81f2-4e166d38b429
229,b4df9fd2-b77a-4719-bc02-6105f206976d,Line items from vendor c29760e1-5fa1-4346-9b34-4d3d96e12db8 in this invoice cover future periods (through 2020-09-19 ),accrual_alert,2020-01-31,invoice,c29760e1-5fa1-4346-9b34-4d3d96e12db8
230,aff87384-dc7d-4c76-8055-1c1470c38b45,Line items from vendor 1e71abd5-41e3-488d-bb1c-9e48f3790846 in this invoice cover future periods (through 2020-07-24 ),accrual_alert,2020-02-25,invoice,1e71abd5-41e3-488d-bb1c-9e48f3790846
231,34667b54-f7dd-4374-805e-fd1a4b779d0f,Line items from vendor c4b2c8ac-abb0-4852-82d2-ea3eb66ef154 in this invoice cover future periods (through 2021-06-17 ),accrual_alert,2020-05-26,invoice,c4b2c8ac-abb0-4852-82d2-ea3eb66ef154
232,55a1dbc7-6d0d-4f41-af99-cfc23fabf7fc,Line items from vendor 2ae7d825-43c9-4bd4-bc6b-d51f6be8879c in this invoice cover future periods (through 2021-08-30 ),accrual_alert,2020-07-31,invoice,2ae7d825-43c9-4bd4-bc6b-d51f6be8879c
233,5f049867-ad16-4c09-8b18-3a781115503b,Line items from vendor f51bef62-eaee-4469-a595-f5617240ffd7 in this invoice cover future periods (through 2021-07-11 ),accrual_alert,2020-06-30,invoice,f51bef62-eaee-4469-a595-f5617240ffd7
234,314123f7-9f43-4b42-904c-4d41d53b0416,Line items from vendor 21fb3f80-6e2a-4558-8395-92291c594060 in this invoice cover future periods (through 2020-10-31 ),accrual_alert,2020-08-01,invoice,21fb3f80-6e2a-4558-8395-92291c594060
235,ddea287d-a6ac-41a3-8710-92315669ef80,Line items from vendor e88017ef-b605-439f-b770-f69b4b4db327 in this invoice cover future periods (through 2021-05-15 ),accrual_alert,2020-05-19,invoice,e88017ef-b605-439f-b770-f69b4b4db327
236,4a5704ab-d6a4-47f9-8a11-04ca3d20dac8,Line items from vendor a96c5d60-7df0-4360-b714-02ef221e4bd0 in this invoice cover future periods (through 2020-08-31 ),accrual_alert,2020-02-01,invoice,a96c5d60-7df0-4360-b714-02ef221e4bd0
237,dfafb347-8f6f-4b13-89d4-b53796c1861d,Line items from vendor 260221ed-4b1e-4f0b-885c-62f4231d4bc1 in this invoice cover future periods (through 2020-09-13 ),accrual_alert,2019-09-17,invoice,260221ed-4b1e-4f0b-885c-62f4231d4bc1
238,0bba62d3-3781-4b8d-9707-13494fff7fd3,Line items from vendor 8db7096a-752d-433f-a263-555b035c7836 in this invoice cover future periods (through 2021-04-14 ),accrual_alert,2020-03-27,invoice,8db7096a-752d-433f-a263-555b035c7836
239,4b574214-9b43-4691-a21c-eaca137a5c50,Line items from vendor 6152f258-554d-4e4c-be58-1b47080b3e33 in this invoice cover future periods (through 2020-06-30 ),accrual_alert,2019-07-03,invoice,6152f258-554d-4e4c-be58-1b47080b3e33
240,5cba14df-bfbd-49b4-b856-5421eb588dac,Line items from vendor aaf161af-1b36-4c8a-a622-6ba062853874 in this invoice cover future periods (through 2021-01-31 ),accrual_alert,2020-01-22,invoice,aaf161af-1b36-4c8a-a622-6ba062853874
241,ee0e1857-58ec-4633-8f6c-da155c38cf1e,Line items from vendor a5883740-aea5-4716-8f07-7b4765cb2385 in this invoice cover future periods (through 2021-05-23 ),accrual_alert,2020-04-24,invoice,a5883740-aea5-4716-8f07-7b4765cb2385
242,cb19a3c2-12d5-4071-a6c8-ce097a0c46d2,Line items from vendor c29760e1-5fa1-4346-9b34-4d3d96e12db8 in this invoice cover future periods (through 2020-09-19 ),accrual_alert,2020-03-31,invoice,c29760e1-5fa1-4346-9b34-4d3d96e12db8
243,4bd68fa7-af7f-48be-817e-36a88247a2e2,Line items from vendor c2718d64-1501-499a-81c0-31c84c551293 in this invoice cover future periods (through 2021-06-29 ),accrual_alert,2020-07-14,invoice,c2718d64-1501-499a-81c0-31c84c551293
244,09cb4640-54f9-436c-bbb5-94068608ea57,Line items from vendor c2718d64-1501-499a-81c0-31c84c551293 in this invoice cover future periods (through 2021-06-29 ),accrual_alert,2020-07-08,invoice,c2718d64-1501-499a-81c0-31c84c551293
245,024f0b45-2a0d-47cd-95ca-e3dfb14c75dd,Line items from vendor e7f597e5-0d7b-4192-a7d8-60d0b3b4115e in this invoice cover future periods (through 2020-03-31 ),accrual_alert,2019-12-10,invoice,e7f597e5-0d7b-4192-a7d8-60d0b3b4115e
246,d659c4f7-b436-463c-b0c5-37f79dbe790f,Line items from vendor a96c5d60-7df0-4360-b714-02ef221e4bd0 in this invoice cover future periods (through 2020-06-30 ),accrual_alert,2019-09-01,invoice,a96c5d60-7df0-4360-b714-02ef221e4bd0
247,16153cba-71e0-4f04-bbeb-f860b2f67454,Line items from vendor cc0456d5-4005-4b17-9b7b-4723a4cdc078 in this invoice cover future periods (through 2021-03-12 ),accrual_alert,2020-09-22,invoice,cc0456d5-4005-4b17-9b7b-4723a4cdc078
248,94a42f66-f8e2-4751-86b3-0fbff86d2308,Line items from vendor 257bfd04-398c-4762-9c14-e0cdf8f26dfd in this invoice cover future periods (through 2020-06-29 ),accrual_alert,2019-07-09,invoice,257bfd04-398c-4762-9c14-e0cdf8f26dfd
249,bc4071c4-d753-469d-b62f-cd92d2870e2d,Line items from vendor a96c5d60-7df0-4360-b714-02ef221e4bd0 in this invoice cover future periods (through 2020-08-31 ),accrual_alert,2020-05-01,invoice,a96c5d60-7df0-4360-b714-02ef221e4bd0
250,8e902c39-5f0b-4b2d-a313-8fee6ff55a71,Line items from vendor 10eaea15-03c3-4d52-9120-9fa817ae4fd3 in this invoice cover future periods (through 2021-05-17 ),accrual_alert,2020-05-18,invoice,10eaea15-03c3-4d52-9120-9fa817ae4fd3
251,abfcb3d9-75be-452a-8916-1e1a12fbb283,Line items from vendor cbbee2fb-061a-40b0-ad51-94a8d286a0a4 in this invoice cover future periods (through 2019-09-30 ),accrual_alert,2018-10-31,invoice,cbbee2fb-061a-40b0-ad51-94a8d286a0a4
252,ad1bf448-397a-4562-9848-28308123aea6,Line items from vendor ecb100ed-3d01-4251-b872-b8ea8b3b05f2 in this invoice cover future periods (through 2021-08-03 ),accrual_alert,2020-08-04,invoice,ecb100ed-3d01-4251-b872-b8ea8b3b05f2
253,0bd94246-734f-48ca-be50-2c7f0f8d262b,Line items from vendor 089685a6-ecec-44ab-bfdf-b2ccb5182382 in this invoice cover future periods (through 2021-02-28 ),accrual_alert,2020-03-01,invoice,089685a6-ecec-44ab-bfdf-b2ccb5182382
254,4de21599-b5a5-4bfe-858d-3d21e6647183,Line items from vendor a96c5d60-7df0-4360-b714-02ef221e4bd0 in this invoice cover future periods (through 2021-06-30 ),accrual_alert,2020-09-01,invoice,a96c5d60-7df0-4360-b714-02ef221e4bd0
255,470a9da5-a2b6-4d7d-85e3-120927ddab9f,Line items from vendor a96c5d60-7df0-4360-b714-02ef221e4bd0 in this invoice cover future periods (through 2021-08-31 ),accrual_alert,2020-08-01,invoice,a96c5d60-7df0-4360-b714-02ef221e4bd0
256,7d7188a9-50b8-4441-91a7-b0fd569487d3,Line items from vendor 8e609532-e369-4bcb-b151-7c5d1fa2efeb in this invoice cover future periods (through 2022-05-02 ),accrual_alert,2020-05-13,invoice,8e609532-e369-4bcb-b151-7c5d1fa2efeb
257,169c9227-f76f-4389-820d-157a5ac3c22c,Line items from vendor de14faf5-0fe0-4b6c-8309-e58510b625fd in this invoice cover future periods (through 2020-02-14 ),accrual_alert,2019-09-15,invoice,de14faf5-0fe0-4b6c-8309-e58510b625fd
258,83b80f5e-c5c2-43a1-8c98-92c0440a21b9,Line items from vendor cc0456d5-4005-4b17-9b7b-4723a4cdc078 in this invoice cover future periods (through 2021-04-09 ),accrual_alert,2020-10-29,invoice,cc0456d5-4005-4b17-9b7b-4723a4cdc078
259,32d7d553-3fca-4e0e-a305-5dcdeeccce3a,Line items from vendor c2718d64-1501-499a-81c0-31c84c551293 in this invoice cover future periods (through 2021-06-29 ),accrual_alert,2020-07-08,invoice,c2718d64-1501-499a-81c0-31c84c551293
260,e2c6f056-2318-4590-aa6d-8c04b0dd5b58,Line items from vendor e7f597e5-0d7b-4192-a7d8-60d0b3b4115e in this invoice cover future periods (through 2021-03-31 ),accrual_alert,2020-12-01,invoice,e7f597e5-0d7b-4192-a7d8-60d0b3b4115e
261,db838ada-d50e-47e8-ba41-e675387babdc,Line items from vendor 44ae301b-5ff0-4152-9481-9111527db8be in this invoice cover future periods (through 2021-02-28 ),accrual_alert,2020-03-24,invoice,44ae301b-5ff0-4152-9481-9111527db8be
262,82628348-faac-4c6b-91c5-eea98a9bd7fb,Line items from vendor 9902c4c2-0232-461f-95be-4cca2af048e9 in this invoice cover future periods (through 2020-12-21 ),accrual_alert,2019-12-23,invoice,9902c4c2-0232-461f-95be-4cca2af048e9
263,100360f5-49ff-4ba7-8d1e-a3b8c4e132a7,Line items from vendor 29565c48-872e-4a2a-a582-00dcdac573a1 in this invoice cover future periods (through 2021-07-22 ),accrual_alert,2020-07-22,invoice,29565c48-872e-4a2a-a582-00dcdac573a1
264,4c9f59bc-bcfa-48d6-8e62-57afaa2fe1a9,Line items from vendor ecb100ed-3d01-4251-b872-b8ea8b3b05f2 in this invoice cover future periods (through 2021-08-03 ),accrual_alert,2020-08-04,invoice,ecb100ed-3d01-4251-b872-b8ea8b3b05f2
265,3a9a65fd-5055-4d7d-b253-8c9ad0f3939e,Line items from vendor fea365d4-8012-4dfa-a1f8-76a281bcf61f in this invoice cover future periods (through 2021-02-14 ),accrual_alert,2020-04-14,invoice,fea365d4-8012-4dfa-a1f8-76a281bcf61f
266,ea25f884-1dc6-4e22-a347-9af5c0d1b4c8,Line items from vendor 936feada-2502-4153-8f14-04d98e8e4afd in this invoice cover future periods (through 2020-12-18 ),accrual_alert,2019-12-12,invoice,936feada-2502-4153-8f14-04d98e8e4afd
267,a2199ef7-1757-4dde-9fbc-d56d77718b0a,Line items from vendor a2bb99eb-35d8-43d0-be74-0df8c2a69e75 in this invoice cover future periods (through 2020-12-31 ),accrual_alert,2020-08-11,invoice,a2bb99eb-35d8-43d0-be74-0df8c2a69e75
268,e22dd3bb-ac84-49c4-a29d-61a11968bfcb,Line items from vendor c2718d64-1501-499a-81c0-31c84c551293 in this invoice cover future periods (through 2021-06-29 ),accrual_alert,2020-07-08,invoice,c2718d64-1501-499a-81c0-31c84c551293
269,4a7e9297-50cc-4607-aa46-2f13c211bd55,Line items from vendor c2718d64-1501-499a-81c0-31c84c551293 in this invoice cover future periods (through 2021-06-29 ),accrual_alert,2020-07-07,invoice,c2718d64-1501-499a-81c0-31c84c551293
270,d7641f9b-6057-4289-ad10-50eca3c9d131,Line items from vendor fea365d4-8012-4dfa-a1f8-76a281bcf61f in this invoice cover future periods (through 2021-02-14 ),accrual_alert,2020-02-24,invoice,fea365d4-8012-4dfa-a1f8-76a281bcf61f
271,5152a3f8-7ac4-4c17-85a7-75800e964faa,Line items from vendor 5bf5e44e-fd30-44b7-8da3-19b228a47fef in this invoice cover future periods (through 2021-06-22 ),accrual_alert,2020-06-22,invoice,5bf5e44e-fd30-44b7-8da3-19b228a47fef
272,97f051f2-e3fd-49d1-8b53-68edc937da9f,Line items from vendor 3868ba1e-df06-4cdf-8445-3ff788ef6085 in this invoice cover future periods (through 2021-07-25 ),accrual_alert,2020-07-05,invoice,3868ba1e-df06-4cdf-8445-3ff788ef6085
273,3f7ee123-da31-4da6-9e4a-955036917a82,Line items from vendor 29565c48-872e-4a2a-a582-00dcdac573a1 in this invoice cover future periods (through 2021-07-22 ),accrual_alert,2020-11-05,invoice,29565c48-872e-4a2a-a582-00dcdac573a1
274,61ca7da2-ba4d-4ff5-84a2-c80fb4318ffa,Line items from vendor 89e07175-feef-43ea-a989-f96ad4d52fc5 in this invoice cover future periods (through 2021-03-28 ),accrual_alert,2020-06-24,invoice,89e07175-feef-43ea-a989-f96ad4d52fc5
275,679dcf8f-b85a-4fed-8a87-06011ee08090,Line items from vendor 89e07175-feef-43ea-a989-f96ad4d52fc5 in this invoice cover future periods (through 2021-03-28 ),accrual_alert,2020-03-30,invoice,89e07175-feef-43ea-a989-f96ad4d52fc5
276,a300cf1c-2ece-46cb-8f5f-684074c8ca7f,Line items from vendor 655c1814-9392-4ef6-a747-32a19c0855e6 in this invoice cover future periods (through 2021-01-02 ),accrual_alert,2019-12-20,invoice,655c1814-9392-4ef6-a747-32a19c0855e6
277,31698bb3-e14b-41ab-9714-48624ae109b7,Line items from vendor e7f597e5-0d7b-4192-a7d8-60d0b3b4115e in this invoice cover future periods (through 2020-09-30 ),accrual_alert,2020-06-01,invoice,e7f597e5-0d7b-4192-a7d8-60d0b3b4115e
278,a08abb1a-39d9-435d-835c-c1571c718d7f,Line items from vendor f4c5caa7-9d24-4345-b0bb-2818247fba84 in this invoice cover future periods (through 2021-03-16 ),accrual_alert,2020-03-19,invoice,f4c5caa7-9d24-4345-b0bb-2818247fba84
279,b7df0ff4-8123-4ae3-9ffc-6277fc9aab8d,Line items from vendor 0fe5f1a4-849a-4e7c-bb11-00e5e9d6cec0 in this invoice cover future periods (through 2020-03-18 ),accrual_alert,2019-03-31,invoice,0fe5f1a4-849a-4e7c-bb11-00e5e9d6cec0
280,452c335f-7874-47ba-9782-52d0f35dae9f,Line items from vendor 89e07175-feef-43ea-a989-f96ad4d52fc5 in this invoice cover future periods (through 2020-03-28 ),accrual_alert,2019-11-08,invoice,89e07175-feef-43ea-a989-f96ad4d52fc5
281,f66e2b8c-c996-455d-af0b-e85f5da04bf9,Line items from vendor cc0456d5-4005-4b17-9b7b-4723a4cdc078 in this invoice cover future periods (through 2021-01-11 ),accrual_alert,2020-01-08,invoice,cc0456d5-4005-4b17-9b7b-4723a4cdc078
282,45307cb3-1ba3-4cba-9d17-9524a7a55e6d,Line items from vendor cc0456d5-4005-4b17-9b7b-4723a4cdc078 in this invoice cover future periods (through 2021-04-09 ),accrual_alert,2020-04-07,invoice,cc0456d5-4005-4b17-9b7b-4723a4cdc078
283,5a32a719-3152-427b-a574-bd18422defb8,Line items from vendor f63517f0-5734-4fec-a0b9-b31b5f5a1dfa in this invoice cover future periods (through 2021-01-14 ),accrual_alert,2020-01-15,invoice,f63517f0-5734-4fec-a0b9-b31b5f5a1dfa
284,27fcbe99-7ad8-4544-9359-9493b38fa203,Line items from vendor da721a36-1290-4312-9d76-557c19c5736e in this invoice cover future periods (through 2020-07-07 ),accrual_alert,2019-12-31,invoice,da721a36-1290-4312-9d76-557c19c5736e
285,97413a14-32ea-46cd-bb57-0ce495d0fe9e,Line items from vendor c4f17ca4-2a0f-4141-b39b-a8862dc1dfda in this invoice cover future periods (through 2019-09-30 ),accrual_alert,2019-07-01,invoice,c4f17ca4-2a0f-4141-b39b-a8862dc1dfda
286,ac65785f-8d0b-48ee-beac-4a0873e03a3b,Line items from vendor 3d2e310c-a166-42e6-a6d8-fe28f38acbd7 in this invoice cover future periods (through 2019-11-21 ),accrual_alert,2018-11-21,invoice,3d2e310c-a166-42e6-a6d8-fe28f38acbd7
287,b8350659-1642-4ac1-8214-c5d5f081b229,Line items from vendor 17ef937f-5818-446d-957d-6debb35dfe3a in this invoice cover future periods (through 2021-08-18 ),accrual_alert,2020-08-19,invoice,17ef937f-5818-446d-957d-6debb35dfe3a
288,cf8209c4-42a1-44cb-8a45-dfb15c978943,Line items from vendor 35c065e2-87fa-4c57-b0b8-c7843433b791 in this invoice cover future periods (through 2021-01-25 ),accrual_alert,2020-01-25,invoice,35c065e2-87fa-4c57-b0b8-c7843433b791
289,42cddd82-de95-417b-a4e7-4ae626276cfe,Line items from vendor df9df43c-b6e0-4c2e-819c-cf07431ebe46 in this invoice cover future periods (through 2022-10-21 ),accrual_alert,2020-10-21,invoice,df9df43c-b6e0-4c2e-819c-cf07431ebe46
290,0454ec9a-e05d-4dba-9e03-bcff3649dc98,Line items from vendor f6a663c1-5ea2-4f62-b673-2372383e0a6c in this invoice cover future periods (through 2020-09-30 ),accrual_alert,2019-09-30,invoice,f6a663c1-5ea2-4f62-b673-2372383e0a6c
291,e00b39d4-286a-40a2-a14d-2c9ba9040ccc,Line items from vendor f4fe1983-adde-416b-88d2-be837908b745 in this invoice cover future periods (through 2019-05-29 ),accrual_alert,2018-05-29,invoice,f4fe1983-adde-416b-88d2-be837908b745
292,71c793f8-f251-4e5b-ac88-4bc6c94042be,Line items from vendor befc5322-7356-440f-8c1a-428cd05ee0e1 in this invoice cover future periods (through 2021-01-05 ),accrual_alert,2020-07-06,invoice,befc5322-7356-440f-8c1a-428cd05ee0e1
293,a1ca2d7a-24f3-4ebc-a5db-3d5da4714017,Line items from vendor a96c5d60-7df0-4360-b714-02ef221e4bd0 in this invoice cover future periods (through 2019-08-31 ),accrual_alert,2019-02-13,invoice,a96c5d60-7df0-4360-b714-02ef221e4bd0
294,bef21df4-f9b9-4b0d-bc17-364965285630,Line items from vendor 10eaea15-03c3-4d52-9120-9fa817ae4fd3 in this invoice cover future periods (through 2020-05-16 ),accrual_alert,2019-12-18,invoice,10eaea15-03c3-4d52-9120-9fa817ae4fd3
295,b92cd27b-2db5-4afa-a996-7b0c0f72b1f4,Line items from vendor 1e71abd5-41e3-488d-bb1c-9e48f3790846 in this invoice cover future periods (through 2021-09-24 ),accrual_alert,2020-10-08,invoice,1e71abd5-41e3-488d-bb1c-9e48f3790846
296,09ddb9c2-99f9-4d2d-a46e-572e47748cdb,Line items from vendor e88017ef-b605-439f-b770-f69b4b4db327 in this invoice cover future periods (through 2021-05-15 ),accrual_alert,2020-05-19,invoice,e88017ef-b605-439f-b770-f69b4b4db327
297,42087639-a01a-4547-944f-b16f53fe52e0,Line items from vendor c753ab1a-cd7b-4968-9a25-0f0471b0c882 in this invoice cover future periods (through 2021-03-12 ),accrual_alert,2020-03-19,invoice,c753ab1a-cd7b-4968-9a25-0f0471b0c882
298,412d0ad7-9000-4920-93ce-4308a04e0d40,Line items from vendor 5c178016-5623-467f-9129-5dc77ef65d2a in this invoice cover future periods (through 2021-11-14 ),accrual_alert,2020-12-14,invoice,5c178016-5623-467f-9129-5dc77ef65d2a
299,370b8df5-b03d-48dc-8b1a-a16675ebcc1e,Line items from vendor 0fe5f1a4-849a-4e7c-bb11-00e5e9d6cec0 in this invoice cover future periods (through 2021-09-24 ),accrual_alert,2020-09-28,invoice,0fe5f1a4-849a-4e7c-bb11-00e5e9d6cec0
300,be967e46-89fd-40f2-9711-442c7df7e426,Line items from vendor a96c5d60-7df0-4360-b714-02ef221e4bd0 in this invoice cover future periods (through 2021-06-30 ),accrual_alert,2020-07-09,invoice,a96c5d60-7df0-4360-b714-02ef221e4bd0
301,ac6fa991-b3f1-4776-8c38-2451f7bca8a4,Line items from vendor 1e71abd5-41e3-488d-bb1c-9e48f3790846 in this invoice cover future periods (through 2020-07-24 ),accrual_alert,2020-04-02,invoice,1e71abd5-41e3-488d-bb1c-9e48f3790846
302,173cfc9c-cd9f-4d8b-b4e0-26ca28f270db,Line items from vendor cc0456d5-4005-4b17-9b7b-4723a4cdc078 in this invoice cover future periods (through 2021-04-12 ),accrual_alert,2020-09-13,invoice,cc0456d5-4005-4b17-9b7b-4723a4cdc078
303,c9dad407-8db8-4ac1-ab3f-3fc2bbc21b5e,Line items from vendor 779dc01c-9993-4b54-b7d6-10558e3c3b0f in this invoice cover future periods (through 2020-10-01 ),accrual_alert,2020-07-02,invoice,779dc01c-9993-4b54-b7d6-10558e3c3b0f
304,45845f82-06fe-4eb5-b18f-2709339b5b2e,Line items from vendor 3629f0a6-158e-4027-92c7-26806c316bc2 in this invoice cover future periods (through 2021-04-30 ),accrual_alert,2020-05-15,invoice,3629f0a6-158e-4027-92c7-26806c316bc2
305,59c0e792-673b-4bb7-84c3-722ed88dd3cb,Line items from vendor e7f597e5-0d7b-4192-a7d8-60d0b3b4115e in this invoice cover future periods (through 2021-04-30 ),accrual_alert,2020-04-01,invoice,e7f597e5-0d7b-4192-a7d8-60d0b3b4115e
306,7910d83e-cf69-4b61-9f3e-3dba99cc6cb4,Line items from vendor e7f597e5-0d7b-4192-a7d8-60d0b3b4115e in this invoice cover future periods (through 2020-03-31 ),accrual_alert,2019-12-01,invoice,e7f597e5-0d7b-4192-a7d8-60d0b3b4115e
307,5d98f736-aaa2-4025-89b7-6428f9e18a58,Line items from vendor a96c5d60-7df0-4360-b714-02ef221e4bd0 in this invoice cover future periods (through 2020-03-31 ),accrual_alert,2019-02-01,invoice,a96c5d60-7df0-4360-b714-02ef221e4bd0
308,da462169-1a02-431b-af9c-aa4696aa12a2,Line items from vendor 27184514-17c5-466d-9f68-e02253695bfa in this invoice cover future periods (through 2020-10-31 ),accrual_alert,2020-08-01,invoice,27184514-17c5-466d-9f68-e02253695bfa
309,9128256b-fa75-4f25-8b74-1a18a8c46282,Line items from vendor da721a36-1290-4312-9d76-557c19c5736e in this invoice cover future periods (through 2021-07-07 ),accrual_alert,2020-07-22,invoice,da721a36-1290-4312-9d76-557c19c5736e
310,n/a,Monthly spend with c753ab1a-cd7b-4968-9a25-0f0471b0c882 is $40757.408421052634 (947.0%) higher than average,large_month_increase_mtd,2020-03-28,vendor,c753ab1a-cd7b-4968-9a25-0f0471b0c882
311,n/a,Monthly spend with 089685a6-ecec-44ab-bfdf-b2ccb5182382 is $11518.745000000003 (53.0%) higher than average,large_month_increase_mtd,2020-08-01,vendor,089685a6-ecec-44ab-bfdf-b2ccb5182382
312,n/a,Monthly spend with 335fd6c2-e48b-4a71-96c3-71efae5ffe30 is $2093.7389473684207 (217.0%) higher than average,large_month_increase_mtd,2020-02-18,vendor,335fd6c2-e48b-4a71-96c3-71efae5ffe30
313,n/a,Monthly spend with f84005d8-f811-40f6-95be-00d95f9d693c is $24587.875555555547 (52.0%) higher than average,large_month_increase_mtd,2020-06-23,vendor,f84005d8-f811-40f6-95be-00d95f9d693c
314,n/a,Monthly spend with dc885256-e806-4a7a-bd68-37b1eed72643 is $13268.95 (303.0%) higher than average,large_month_increase_mtd,2020-07-14,vendor,dc885256-e806-4a7a-bd68-37b1eed72643
315,n/a,Monthly spend with e7f597e5-0d7b-4192-a7d8-60d0b3b4115e is $18893.114545454548 (128.0%) higher than average,large_month_increase_mtd,2019-04-12,vendor,e7f597e5-0d7b-4192-a7d8-60d0b3b4115e
316,n/a,Monthly spend with e7f597e5-0d7b-4192-a7d8-60d0b3b4115e is $9146.204545454546 (62.0%) higher than average,large_month_increase_mtd,2019-09-01,vendor,e7f597e5-0d7b-4192-a7d8-60d0b3b4115e
317,n/a,Monthly spend with e7f597e5-0d7b-4192-a7d8-60d0b3b4115e is $10518.034545454544 (71.0%) higher than average,large_month_increase_mtd,2019-12-10,vendor,e7f597e5-0d7b-4192-a7d8-60d0b3b4115e
318,n/a,Monthly spend with e7f597e5-0d7b-4192-a7d8-60d0b3b4115e is $83701.02454545455 (568.0%) higher than average,large_month_increase_mtd,2020-04-30,vendor,e7f597e5-0d7b-4192-a7d8-60d0b3b4115e
319,n/a,Monthly spend with 014deb41-8f37-4f50-81b2-856e7fea015e is $7505.228000000001 (96.0%) higher than average,large_month_increase_mtd,2020-06-30,vendor,014deb41-8f37-4f50-81b2-856e7fea015e
320,n/a,Monthly spend with 39d309ff-4df2-4b8e-8a2e-d055dd668984 is $26761.29142857143 (354.0%) higher than average,large_month_increase_mtd,2020-08-05,vendor,39d309ff-4df2-4b8e-8a2e-d055dd668984
321,n/a,Monthly spend with 10672cda-42fa-4cc1-913b-f8be2a61ce7a is $17019.1 (55.0%) higher than average,large_month_increase_mtd,2020-08-31,vendor,10672cda-42fa-4cc1-913b-f8be2a61ce7a
322,n/a,Monthly spend with 0fe5f1a4-849a-4e7c-bb11-00e5e9d6cec0 is $58916.331666666665 (107.0%) higher than average,large_month_increase_mtd,2020-07-21,vendor,0fe5f1a4-849a-4e7c-bb11-00e5e9d6cec0
323,n/a,Monthly spend with 0fe5f1a4-849a-4e7c-bb11-00e5e9d6cec0 is $58916.331666666665 (107.0%) higher than average,large_month_increase_mtd,2020-10-13,vendor,0fe5f1a4-849a-4e7c-bb11-00e5e9d6cec0
324,n/a,Monthly spend with cf13f8f1-6ca1-4fd9-aa96-ab9446719e21 is $18643.38333333334 (69.0%) higher than average,large_month_increase_mtd,2020-05-31,vendor,cf13f8f1-6ca1-4fd9-aa96-ab9446719e21
325,n/a,Monthly spend with cf13f8f1-6ca1-4fd9-aa96-ab9446719e21 is $21451.473333333335 (79.0%) higher than average,large_month_increase_mtd,2020-09-30,vendor,cf13f8f1-6ca1-4fd9-aa96-ab9446719e21
326,n/a,Monthly spend with aa2f1ec0-b189-4009-a928-edfba356a3ea is $11423.345454545455 (61.0%) higher than average,large_month_increase_mtd,2020-03-05,vendor,aa2f1ec0-b189-4009-a928-edfba356a3ea
327,n/a,Monthly spend with aa2f1ec0-b189-4009-a928-edfba356a3ea is $12899.345454545455 (68.0%) higher than average,large_month_increase_mtd,2020-04-05,vendor,aa2f1ec0-b189-4009-a928-edfba356a3ea
328,n/a,Monthly spend with de14faf5-0fe0-4b6c-8309-e58510b625fd is $11845.264000000001 (150.0%) higher than average,large_month_increase_mtd,2019-05-15,vendor,de14faf5-0fe0-4b6c-8309-e58510b625fd
329,n/a,Monthly spend with 5ffbef3b-340e-4cb2-b758-e7d0d16b70c8 is $26493.75 (100.0%) higher than average,large_month_increase_mtd,2020-03-01,vendor,5ffbef3b-340e-4cb2-b758-e7d0d16b70c8
330,n/a,Monthly spend with 8f3ae183-3da9-4113-b432-e559dcba8f1c is $13941.057499999999 (183.0%) higher than average,large_month_increase_mtd,2020-02-24,vendor,8f3ae183-3da9-4113-b432-e559dcba8f1c
331,n/a,Monthly spend with a5883740-aea5-4716-8f07-7b4765cb2385 is $19581.963333333337 (67.0%) higher than average,large_month_increase_mtd,2020-04-24,vendor,a5883740-aea5-4716-8f07-7b4765cb2385
332,n/a,Monthly spend with e2091bc3-f9d7-4647-a1db-1f648b438b74 is $24900.58 (95.0%) higher than average,large_month_increase_mtd,2020-01-13,vendor,e2091bc3-f9d7-4647-a1db-1f648b438b74
333,n/a,Monthly spend with cc0456d5-4005-4b17-9b7b-4723a4cdc078 is $56544.035 (192.0%) higher than average,large_month_increase_mtd,2020-04-07,vendor,cc0456d5-4005-4b17-9b7b-4723a4cdc078
334,n/a,Monthly spend with cc0456d5-4005-4b17-9b7b-4723a4cdc078 is $20651.425000000003 (70.0%) higher than average,large_month_increase_mtd,2020-10-30,vendor,cc0456d5-4005-4b17-9b7b-4723a4cdc078
335,n/a,Monthly spend with 185a63c2-5614-4c7c-ad7a-985ba6bd8195 is $56786.796315789485 (256.0%) higher than average,large_month_increase_mtd,2020-06-30,vendor,185a63c2-5614-4c7c-ad7a-985ba6bd8195
336,n/a,Monthly spend with 185a63c2-5614-4c7c-ad7a-985ba6bd8195 is $68606.19631578948 (310.0%) higher than average,large_month_increase_mtd,2020-07-31,vendor,185a63c2-5614-4c7c-ad7a-985ba6bd8195
337,n/a,Monthly spend with 185a63c2-5614-4c7c-ad7a-985ba6bd8195 is $53529.82631578948 (242.0%) higher than average,large_month_increase_mtd,2020-08-31,vendor,185a63c2-5614-4c7c-ad7a-985ba6bd8195
338,n/a,Monthly spend with 185a63c2-5614-4c7c-ad7a-985ba6bd8195 is $38819.94631578948 (175.0%) higher than average,large_month_increase_mtd,2020-09-30,vendor,185a63c2-5614-4c7c-ad7a-985ba6bd8195
339,n/a,Monthly spend with 185a63c2-5614-4c7c-ad7a-985ba6bd8195 is $47391.75631578948 (214.0%) higher than average,large_month_increase_mtd,2020-10-31,vendor,185a63c2-5614-4c7c-ad7a-985ba6bd8195
340,n/a,Monthly spend with 35c065e2-87fa-4c57-b0b8-c7843433b791 is $33171.33333333333 (335.0%) higher than average,large_month_increase_mtd,2020-01-25,vendor,35c065e2-87fa-4c57-b0b8-c7843433b791
341,n/a,Monthly spend with 3629f0a6-158e-4027-92c7-26806c316bc2 is $20028.526 (101.0%) higher than average,large_month_increase_mtd,2018-04-30,vendor,3629f0a6-158e-4027-92c7-26806c316bc2
342,n/a,Monthly spend with 3629f0a6-158e-4027-92c7-26806c316bc2 is $11128.526000000002 (56.0%) higher than average,large_month_increase_mtd,2019-05-01,vendor,3629f0a6-158e-4027-92c7-26806c316bc2
343,n/a,Monthly spend with 2620e12d-28db-457b-98cd-2e9645aeb474 is $24417.12 (134.0%) higher than average,large_month_increase_mtd,2020-10-20,vendor,2620e12d-28db-457b-98cd-2e9645aeb474
344,n/a,Monthly spend with 5c1e5b88-683c-4f4d-b289-2e092655cf32 is $6515.778571428571 (588.0%) higher than average,large_month_increase_mtd,2020-03-04,vendor,5c1e5b88-683c-4f4d-b289-2e092655cf32
345,n/a,Monthly spend with aaf161af-1b36-4c8a-a622-6ba062853874 is $15706.080000000002 (82.0%) higher than average,large_month_increase_mtd,2020-01-22,vendor,aaf161af-1b36-4c8a-a622-6ba062853874
346,n/a,Monthly spend with e2111385-8549-44f7-9821-c1ea045e4da4 is $6738.663333333334 (68.0%) higher than average,large_month_increase_mtd,2020-10-25,vendor,e2111385-8549-44f7-9821-c1ea045e4da4
347,n/a,Monthly spend with 7409fa50-fde9-4939-8efe-dc73cbd1e9c7 is $91566.22350000001 (90.0%) higher than average,large_month_increase_mtd,2019-01-03,vendor,7409fa50-fde9-4939-8efe-dc73cbd1e9c7
348,n/a,Monthly spend with 7409fa50-fde9-4939-8efe-dc73cbd1e9c7 is $75663.0835 (74.0%) higher than average,large_month_increase_mtd,2019-03-03,vendor,7409fa50-fde9-4939-8efe-dc73cbd1e9c7
349,n/a,Monthly spend with 7409fa50-fde9-4939-8efe-dc73cbd1e9c7 is $97650.32350000001 (96.0%) higher than average,large_month_increase_mtd,2019-04-03,vendor,7409fa50-fde9-4939-8efe-dc73cbd1e9c7
350,n/a,Monthly spend with 7409fa50-fde9-4939-8efe-dc73cbd1e9c7 is $97476.11349999999 (96.0%) higher than average,large_month_increase_mtd,2019-05-03,vendor,7409fa50-fde9-4939-8efe-dc73cbd1e9c7
351,n/a,Monthly spend with 7409fa50-fde9-4939-8efe-dc73cbd1e9c7 is $114982.88350000001 (113.0%) higher than average,large_month_increase_mtd,2019-06-02,vendor,7409fa50-fde9-4939-8efe-dc73cbd1e9c7
352,n/a,Monthly spend with 7409fa50-fde9-4939-8efe-dc73cbd1e9c7 is $106713.8035 (105.0%) higher than average,large_month_increase_mtd,2019-07-03,vendor,7409fa50-fde9-4939-8efe-dc73cbd1e9c7
353,n/a,Monthly spend with 7409fa50-fde9-4939-8efe-dc73cbd1e9c7 is $84531.13350000001 (83.0%) higher than average,large_month_increase_mtd,2019-08-03,vendor,7409fa50-fde9-4939-8efe-dc73cbd1e9c7
354,n/a,Monthly spend with 7409fa50-fde9-4939-8efe-dc73cbd1e9c7 is $82278.88350000001 (81.0%) higher than average,large_month_increase_mtd,2019-09-04,vendor,7409fa50-fde9-4939-8efe-dc73cbd1e9c7
355,n/a,Monthly spend with 7409fa50-fde9-4939-8efe-dc73cbd1e9c7 is $107753.94350000001 (106.0%) higher than average,large_month_increase_mtd,2019-10-03,vendor,7409fa50-fde9-4939-8efe-dc73cbd1e9c7
356,n/a,Monthly spend with 3d2e310c-a166-42e6-a6d8-fe28f38acbd7 is $17307.3 (74.0%) higher than average,large_month_increase_mtd,2018-11-21,vendor,3d2e310c-a166-42e6-a6d8-fe28f38acbd7
357,n/a,Monthly spend with 5bf5e44e-fd30-44b7-8da3-19b228a47fef is $6983.458823529412 (501.0%) higher than average,large_month_increase_mtd,2020-06-22,vendor,5bf5e44e-fd30-44b7-8da3-19b228a47fef
358,n/a,Monthly spend with 27184514-17c5-466d-9f68-e02253695bfa is $25041.25 (192.0%) higher than average,large_month_increase_mtd,2020-01-06,vendor,27184514-17c5-466d-9f68-e02253695bfa
359,n/a,Monthly spend with 86ccadec-b5e3-4a76-89ca-062dd98bbf88 is $15867.92875 (85.0%) higher than average,large_month_increase_mtd,2020-04-30,vendor,86ccadec-b5e3-4a76-89ca-062dd98bbf88
360,n/a,Monthly spend with 29565c48-872e-4a2a-a582-00dcdac573a1 is $11789.42 (85.0%) higher than average,large_month_increase_mtd,2020-07-22,vendor,29565c48-872e-4a2a-a582-00dcdac573a1
361,n/a,Monthly spend with 89e07175-feef-43ea-a989-f96ad4d52fc5 is $26064.975 (256.0%) higher than average,large_month_increase_mtd,2020-03-30,vendor,89e07175-feef-43ea-a989-f96ad4d52fc5
362,n/a,Monthly spend with 1e71abd5-41e3-488d-bb1c-9e48f3790846 is $222359.478 (672.0%) higher than average,large_month_increase_mtd,2020-08-22,vendor,1e71abd5-41e3-488d-bb1c-9e48f3790846
363,n/a,Monthly spend with 8db7096a-752d-433f-a263-555b035c7836 is $9577.82 (57.0%) higher than average,large_month_increase_mtd,2019-12-19,vendor,8db7096a-752d-433f-a263-555b035c7836
364,n/a,Monthly spend with f51bef62-eaee-4469-a595-f5617240ffd7 is $28001.95555555557 (61.0%) higher than average,large_month_increase_mtd,2020-08-31,vendor,f51bef62-eaee-4469-a595-f5617240ffd7
365,n/a,Monthly spend with f51bef62-eaee-4469-a595-f5617240ffd7 is $37299.885555555564 (81.0%) higher than average,large_month_increase_mtd,2020-09-30,vendor,f51bef62-eaee-4469-a595-f5617240ffd7
366,n/a,Monthly spend with f51bef62-eaee-4469-a595-f5617240ffd7 is $59401.465555555566 (129.0%) higher than average,large_month_increase_mtd,2020-10-31,vendor,f51bef62-eaee-4469-a595-f5617240ffd7
367,n/a,Monthly spend with 5563cff8-b050-45e9-89d3-eb079dfeb12a is $76171.78588235292 (105.0%) higher than average,large_month_increase_mtd,2019-05-31,vendor,5563cff8-b050-45e9-89d3-eb079dfeb12a
368,n/a,Monthly spend with 5563cff8-b050-45e9-89d3-eb079dfeb12a is $80219.65588235295 (110.0%) higher than average,large_month_increase_mtd,2019-06-28,vendor,5563cff8-b050-45e9-89d3-eb079dfeb12a
369,n/a,Monthly spend with 5563cff8-b050-45e9-89d3-eb079dfeb12a is $123155.52588235291 (169.0%) higher than average,large_month_increase_mtd,2019-07-26,vendor,5563cff8-b050-45e9-89d3-eb079dfeb12a
370,n/a,Monthly spend with 5563cff8-b050-45e9-89d3-eb079dfeb12a is $111202.41588235293 (153.0%) higher than average,large_month_increase_mtd,2019-08-30,vendor,5563cff8-b050-45e9-89d3-eb079dfeb12a
371,n/a,Monthly spend with 9902c4c2-0232-461f-95be-4cca2af048e9 is $106050.95687499999 (1405.0%) higher than average,large_month_increase_mtd,2019-12-23,vendor,9902c4c2-0232-461f-95be-4cca2af048e9
372,n/a,Monthly spend with c2718d64-1501-499a-81c0-31c84c551293 is $60726.17 (78.0%) higher than average,large_month_increase_mtd,2020-07-14,vendor,c2718d64-1501-499a-81c0-31c84c551293
373,n/a,Monthly spend with 3c1f0ab8-e203-4d12-a787-acb626e0af06 is $5292.299999999999 (60.0%) higher than average,large_month_increase_mtd,2020-06-22,vendor,3c1f0ab8-e203-4d12-a787-acb626e0af06
374,n/a,Monthly spend with af77b10e-791e-4b43-a1eb-116e3e4bc4ec is $13468.916315789473 (109.0%) higher than average,large_month_increase_mtd,2019-12-31,vendor,af77b10e-791e-4b43-a1eb-116e3e4bc4ec
375,n/a,Monthly spend with af77b10e-791e-4b43-a1eb-116e3e4bc4ec is $6757.13631578947 (54.0%) higher than average,large_month_increase_mtd,2020-05-31,vendor,af77b10e-791e-4b43-a1eb-116e3e4bc4ec
376,n/a,Monthly spend with af77b10e-791e-4b43-a1eb-116e3e4bc4ec is $12776.836315789475 (103.0%) higher than average,large_month_increase_mtd,2020-07-31,vendor,af77b10e-791e-4b43-a1eb-116e3e4bc4ec
377,n/a,Monthly spend with af77b10e-791e-4b43-a1eb-116e3e4bc4ec is $13638.906315789474 (110.0%) higher than average,large_month_increase_mtd,2020-08-31,vendor,af77b10e-791e-4b43-a1eb-116e3e4bc4ec
378,n/a,Monthly spend with af77b10e-791e-4b43-a1eb-116e3e4bc4ec is $11368.626315789475 (92.0%) higher than average,large_month_increase_mtd,2020-09-30,vendor,af77b10e-791e-4b43-a1eb-116e3e4bc4ec
379,n/a,Monthly spend with af77b10e-791e-4b43-a1eb-116e3e4bc4ec is $12220.046315789474 (99.0%) higher than average,large_month_increase_mtd,2020-10-31,vendor,af77b10e-791e-4b43-a1eb-116e3e4bc4ec
380,n/a,Monthly spend with af77b10e-791e-4b43-a1eb-116e3e4bc4ec is $17403.836315789475 (140.0%) higher than average,large_month_increase_mtd,2020-11-30,vendor,af77b10e-791e-4b43-a1eb-116e3e4bc4ec
381,n/a,Monthly spend with 638ff250-f4bf-405a-838d-99980a865703 is $68490.094 (75.0%) higher than average,large_month_increase_mtd,2020-10-24,vendor,638ff250-f4bf-405a-838d-99980a865703
382,n/a,Monthly spend with 698dbb4b-8a8a-4b09-8eef-c60f7c0470e5 is $29900.274705882344 (63.0%) higher than average,large_month_increase_mtd,2019-12-31,vendor,698dbb4b-8a8a-4b09-8eef-c60f7c0470e5
383,n/a,Monthly spend with 54e16b74-b4e3-407d-9eff-8e71fd84012f is $19668.782222222228 (90.0%) higher than average,large_month_increase_mtd,2020-07-31,vendor,54e16b74-b4e3-407d-9eff-8e71fd84012f
384,n/a,Monthly spend with 54e16b74-b4e3-407d-9eff-8e71fd84012f is $18380.722222222223 (85.0%) higher than average,large_month_increase_mtd,2020-09-30,vendor,54e16b74-b4e3-407d-9eff-8e71fd84012f
385,n/a,Monthly spend with 99a9882c-a221-44f7-8ebe-70bcbd44f037 is $7822.069999999999 (126.0%) higher than average,large_month_increase_mtd,2020-11-30,vendor,99a9882c-a221-44f7-8ebe-70bcbd44f037
386,n/a,Monthly spend with a96c5d60-7df0-4360-b714-02ef221e4bd0 is $14258.496363636361 (58.0%) higher than average,large_month_increase_mtd,2019-02-13,vendor,a96c5d60-7df0-4360-b714-02ef221e4bd0
387,n/a,Monthly spend with a96c5d60-7df0-4360-b714-02ef221e4bd0 is $12455.196363636365 (50.0%) higher than average,large_month_increase_mtd,2020-06-30,vendor,a96c5d60-7df0-4360-b714-02ef221e4bd0
388,n/a,Monthly spend with a96c5d60-7df0-4360-b714-02ef221e4bd0 is $20668.696363636365 (84.0%) higher than average,large_month_increase_mtd,2020-09-30,vendor,a96c5d60-7df0-4360-b714-02ef221e4bd0
389,n/a,Monthly spend with a96c5d60-7df0-4360-b714-02ef221e4bd0 is $12455.196363636365 (50.0%) higher than average,large_month_increase_mtd,2020-12-01,vendor,a96c5d60-7df0-4360-b714-02ef221e4bd0
390,n/a,Monthly spend with aee7d766-492f-42cb-b5c0-44744c2d8592 is $12436.247 (91.0%) higher than average,large_month_increase_mtd,2019-01-29,vendor,aee7d766-492f-42cb-b5c0-44744c2d8592
391,n/a,Monthly spend with aee7d766-492f-42cb-b5c0-44744c2d8592 is $7497.316999999999 (55.0%) higher than average,large_month_increase_mtd,2020-02-25,vendor,aee7d766-492f-42cb-b5c0-44744c2d8592
392,n/a,Monthly spend with aee7d766-492f-42cb-b5c0-44744c2d8592 is $13243.417000000001 (97.0%) higher than average,large_month_increase_mtd,2020-11-20,vendor,aee7d766-492f-42cb-b5c0-44744c2d8592
393,n/a,Monthly spend with fea365d4-8012-4dfa-a1f8-76a281bcf61f is $6902.125 (83.0%) higher than average,large_month_increase_mtd,2020-02-24,vendor,fea365d4-8012-4dfa-a1f8-76a281bcf61f
394,n/a,Monthly spend with cbbee2fb-061a-40b0-ad51-94a8d286a0a4 is $35423.718 (355.0%) higher than average,large_month_increase_mtd,2018-10-31,vendor,cbbee2fb-061a-40b0-ad51-94a8d286a0a4
395,n/a,Monthly spend with cbbee2fb-061a-40b0-ad51-94a8d286a0a4 is $11266.637999999999 (113.0%) higher than average,large_month_increase_mtd,2019-11-13,vendor,cbbee2fb-061a-40b0-ad51-94a8d286a0a4
396,n/a,Monthly spend with cbbee2fb-061a-40b0-ad51-94a8d286a0a4 is $9562.788 (96.0%) higher than average,large_month_increase_mtd,2020-06-09,vendor,cbbee2fb-061a-40b0-ad51-94a8d286a0a4
397,n/a,Monthly spend with 122c91c1-d193-4e6e-aae4-4c480aafec6e is $63084.02 (163.0%) higher than average,large_month_increase_mtd,2020-06-30,vendor,122c91c1-d193-4e6e-aae4-4c480aafec6e
398,n/a,Monthly spend with a1605dc3-90cb-403c-ab7e-14155e817cae is $6184.0711111111095 (138.0%) higher than average,large_month_increase_mtd,2020-05-11,vendor,a1605dc3-90cb-403c-ab7e-14155e817cae
399,n/a,Monthly spend with ecb100ed-3d01-4251-b872-b8ea8b3b05f2 is $24575.0925 (289.0%) higher than average,large_month_increase_mtd,2020-08-04,vendor,ecb100ed-3d01-4251-b872-b8ea8b3b05f2
